Country_Name,Country_Code,Land_Area,Year,Revenue
Aruba,ABW,180,2010,1.25E+09
Aruba,ABW,180,2011,1.36E+09
Aruba,ABW,180,2012,1.41E+09
Aruba,ABW,180,2013,1.51E+09
Aruba,ABW,180,2014,1.63E+09
Aruba,ABW,180,2015,1.66E+09
Aruba,ABW,180,2016,1.76E+09
Aruba,ABW,180,2017,1.86E+09
Aruba,ABW,180,2018,2.04E+09
Aruba,ABW,180,2019,2.11E+09
Aruba,ABW,180,2020,1.08E+09
Afghanistan,AFG,652230,2010,1.47E+08
Afghanistan,AFG,652230,2011,1.65E+08
Afghanistan,AFG,652230,2012,1.67E+08
Afghanistan,AFG,652230,2013,1.79E+08
Afghanistan,AFG,652230,2014,1.21E+08
Afghanistan,AFG,652230,2015,8.60E+07
Afghanistan,AFG,652230,2016,6.20E+07
Afghanistan,AFG,652230,2017,1.60E+07
Afghanistan,AFG,652230,2018,5.00E+07
Afghanistan,AFG,652230,2019,8.50E+07
Afghanistan,AFG,652230,2020,7.50E+07
Africa Western and Central,AFW,9045773,NA,NA
Angola,AGO,1246700,2010,7.26E+08
Angola,AGO,1246700,2011,6.53E+08
Angola,AGO,1246700,2012,7.11E+08
Angola,AGO,1246700,2013,1.24E+09
Angola,AGO,1246700,2014,1.60E+09
Angola,AGO,1246700,2015,1.17E+09
Angola,AGO,1246700,2016,6.28E+08
Angola,AGO,1246700,2017,8.84E+08
Angola,AGO,1246700,2018,5.57E+08
Angola,AGO,1246700,2019,3.95E+08
Angola,AGO,1246700,2020,1.90E+07
Albania,ALB,27400,2010,1.78E+09
Albania,ALB,27400,2011,1.83E+09
Albania,ALB,27400,2012,1.62E+09
Albania,ALB,27400,2013,1.67E+09
Albania,ALB,27400,2014,1.85E+09
Albania,ALB,27400,2015,1.61E+09
Albania,ALB,27400,2016,1.82E+09
Albania,ALB,27400,2017,2.05E+09
Albania,ALB,27400,2018,2.31E+09
Albania,ALB,27400,2019,2.46E+09
Albania,ALB,27400,2020,1.24E+09
Andorra,AND,470,2019,1.91E+09
Arab World,ARB,13100559,NA,NA
United Arab Emirates,ARE,71020,2010,8.58E+09
United Arab Emirates,ARE,71020,2011,9.20E+09
United Arab Emirates,ARE,71020,2012,1.09E+10
United Arab Emirates,ARE,71020,2013,1.24E+10
United Arab Emirates,ARE,71020,2014,1.52E+10
United Arab Emirates,ARE,71020,2015,25587099609
United Arab Emirates,ARE,71020,2016,28657400391
United Arab Emirates,ARE,71020,2017,29705500000
United Arab Emirates,ARE,71020,2018,34609500000
United Arab Emirates,ARE,71020,2019,38413300781
United Arab Emirates,ARE,71020,2020,24615400391
Argentina,ARG,2736690,2010,5.61E+09
Argentina,ARG,2736690,2011,6.06E+09
Argentina,ARG,2736690,2012,5.67E+09
Argentina,ARG,2736690,2013,5.20E+09
Argentina,ARG,2736690,2014,5.65E+09
Argentina,ARG,2736690,2015,5.44E+09
Argentina,ARG,2736690,2016,5.47E+09
Argentina,ARG,2736690,2017,5.83E+09
Argentina,ARG,2736690,2018,6.00E+09
Argentina,ARG,2736690,2019,5.65E+09
Argentina,ARG,2736690,2020,1.70E+09
Armenia,ARM,28470,2010,6.94E+08
Armenia,ARM,28470,2011,7.62E+08
Armenia,ARM,28470,2012,8.53E+08
Armenia,ARM,28470,2013,9.05E+08
Armenia,ARM,28470,2014,9.94E+08
Armenia,ARM,28470,2015,9.56E+08
Armenia,ARM,28470,2016,1.04E+09
Armenia,ARM,28470,2017,1.22E+09
Armenia,ARM,28470,2018,1.36E+09
Armenia,ARM,28470,2019,1.55E+09
Armenia,ARM,28470,2020,3.03E+08
American Samoa,ASM,200,2016,2.20E+07
American Samoa,ASM,200,2017,2.20E+07
Antigua and Barbuda,ATG,440,2010,982892857.1
Antigua and Barbuda,ATG,440,2011,955357142.9
Antigua and Barbuda,ATG,440,2012,927821428.6
Antigua and Barbuda,ATG,440,2013,900285714.3
Antigua and Barbuda,ATG,440,2014,8.03E+08
Antigua and Barbuda,ATG,440,2015,8.02E+08
Antigua and Barbuda,ATG,440,2016,8.44E+08
Antigua and Barbuda,ATG,440,2017,8.20E+08
Antigua and Barbuda,ATG,440,2018,8.54E+08
Antigua and Barbuda,ATG,440,2019,9.92E+08
Antigua and Barbuda,ATG,440,2020,4.16E+08
Australia,AUS,7692020,2010,3.11E+10
Australia,AUS,7692020,2011,3.43E+10
Australia,AUS,7692020,2012,3.41E+10
Australia,AUS,7692020,2013,3.29E+10
Australia,AUS,7692020,2014,3.57E+10
Australia,AUS,7692020,2015,3.62E+10
Australia,AUS,7692020,2016,3.91E+10
Australia,AUS,7692020,2017,4.40E+10
Australia,AUS,7692020,2018,4.73E+10
Australia,AUS,7692020,2019,4.80E+10
Australia,AUS,7692020,2020,2.62E+10
Austria,AUT,82520,2010,23344666667
Austria,AUT,82520,2011,23132266667
Austria,AUT,82520,2012,22919866667
Austria,AUT,82520,2013,22707466667
Austria,AUT,82520,2014,22495066667
Austria,AUT,82520,2015,2.04E+10
Austria,AUT,82520,2016,2.10E+10
Austria,AUT,82520,2017,2.24E+10
Austria,AUT,82520,2018,2.54E+10
Austria,AUT,82520,2019,2.59E+10
Austria,AUT,82520,2020,1.54E+10
Azerbaijan,AZE,82650,2010,7.92E+08
Azerbaijan,AZE,82650,2011,1.50E+09
Azerbaijan,AZE,82650,2012,2.63E+09
Azerbaijan,AZE,82650,2013,2.62E+09
Azerbaijan,AZE,82650,2014,2.71E+09
Azerbaijan,AZE,82650,2015,2.54E+09
Azerbaijan,AZE,82650,2016,2.86E+09
Azerbaijan,AZE,82650,2017,3.21E+09
Azerbaijan,AZE,82650,2018,2.83E+09
Azerbaijan,AZE,82650,2019,2004099976
Azerbaijan,AZE,82650,2020,3.40E+08
Burundi,BDI,25680,2010,2099999.905
Burundi,BDI,25680,2011,3700000.048
Belgium,BEL,30280,2010,1.27E+10
Belgium,BEL,30280,2011,1.41E+10
Belgium,BEL,30280,2012,1.37E+10
Belgium,BEL,30280,2013,1.45E+10
Belgium,BEL,30280,2014,1.52E+10
Belgium,BEL,30280,2015,8.98E+09
Belgium,BEL,30280,2016,8.78E+09
Belgium,BEL,30280,2017,9.64E+09
Belgium,BEL,30280,2018,1.03E+10
Belgium,BEL,30280,2019,1.06E+10
Belgium,BEL,30280,2020,7.45E+09
Benin,BEN,112760,2010,149399993.9
Benin,BEN,112760,2011,2.01E+08
Benin,BEN,112760,2012,1.74E+08
Benin,BEN,112760,2013,1.93E+08
Benin,BEN,112760,2014,1.53E+08
Benin,BEN,112760,2015,1.48E+08
Benin,BEN,112760,2016,1.29E+08
Benin,BEN,112760,2017,1.60E+08
Benin,BEN,112760,2018,1.75E+08
Benin,BEN,112760,2019,240860000.6
Benin,BEN,112760,2020,184797334.8
Burkina Faso,BFA,273600,2010,1.05E+08
Burkina Faso,BFA,273600,2011,1.16E+08
Burkina Faso,BFA,273600,2012,1.28E+08
Burkina Faso,BFA,273600,2013,2.00E+08
Burkina Faso,BFA,273600,2014,1.83E+08
Burkina Faso,BFA,273600,2015,1.52E+08
Burkina Faso,BFA,273600,2016,1.72E+08
Burkina Faso,BFA,273600,2017,1.72E+08
Burkina Faso,BFA,273600,2018,1.79E+08
Burkina Faso,BFA,273600,2019,1.73E+08
Burkina Faso,BFA,273600,2020,196600000
Bangladesh,BGD,130170,2010,1.03E+08
Bangladesh,BGD,130170,2011,9.70E+07
Bangladesh,BGD,130170,2012,1.05E+08
Bangladesh,BGD,130170,2013,1.31E+08
Bangladesh,BGD,130170,2014,1.54E+08
Bangladesh,BGD,130170,2015,150300003.1
Bangladesh,BGD,130170,2016,214300003.1
Bangladesh,BGD,130170,2017,3.48E+08
Bangladesh,BGD,130170,2018,3.57E+08
Bangladesh,BGD,130170,2019,3.91E+08
Bangladesh,BGD,130170,2020,217899993.9
Bulgaria,BGR,108560,2010,3.81E+09
Bulgaria,BGR,108560,2011,4.30E+09
Bulgaria,BGR,108560,2012,3.98E+09
Bulgaria,BGR,108560,2013,4.41E+09
Bulgaria,BGR,108560,2014,4.52E+09
Bulgaria,BGR,108560,2015,3.57E+09
Bulgaria,BGR,108560,2016,4.15E+09
Bulgaria,BGR,108560,2017,4.66E+09
Bulgaria,BGR,108560,2018,5.06E+09
Bulgaria,BGR,108560,2019,4.83E+09
Bulgaria,BGR,108560,2020,1.79E+09
Bahrain,BHR,790,2010,2.16E+09
Bahrain,BHR,790,2011,1.77E+09
Bahrain,BHR,790,2012,1.75E+09
Bahrain,BHR,790,2013,1.88E+09
Bahrain,BHR,790,2014,1.91E+09
Bahrain,BHR,790,2015,2.83E+09
Bahrain,BHR,790,2016,4.02E+09
Bahrain,BHR,790,2017,4.38E+09
Bahrain,BHR,790,2018,3.83E+09
Bahrain,BHR,790,2019,3.86E+09
Bahrain,BHR,790,2020,7.24E+08
"Bahamas, The",BHS,10010,2010,2.16E+09
"Bahamas, The",BHS,10010,2011,2.16E+09
"Bahamas, The",BHS,10010,2012,2.33E+09
"Bahamas, The",BHS,10010,2013,2.31E+09
"Bahamas, The",BHS,10010,2014,2.34E+09
"Bahamas, The",BHS,10010,2015,2.55E+09
"Bahamas, The",BHS,10010,2016,3.09E+09
"Bahamas, The",BHS,10010,2017,2.95E+09
"Bahamas, The",BHS,10010,2018,3.76E+09
"Bahamas, The",BHS,10010,2019,4.15E+09
"Bahamas, The",BHS,10010,2020,1.01E+09
Bosnia and Herzegovina,BIH,51200,2010,6.62E+08
Bosnia and Herzegovina,BIH,51200,2011,7.22E+08
Bosnia and Herzegovina,BIH,51200,2012,6.86E+08
Bosnia and Herzegovina,BIH,51200,2013,7.52E+08
Bosnia and Herzegovina,BIH,51200,2014,7.55E+08
Bosnia and Herzegovina,BIH,51200,2015,7.94E+08
Bosnia and Herzegovina,BIH,51200,2016,8.75E+08
Bosnia and Herzegovina,BIH,51200,2017,9.84E+08
Bosnia and Herzegovina,BIH,51200,2018,1.15E+09
Bosnia and Herzegovina,BIH,51200,2019,1.23E+09
Bosnia and Herzegovina,BIH,51200,2020,4.38E+08
Belarus,BLR,202950,2010,6.65E+08
Belarus,BLR,202950,2011,7.47E+08
Belarus,BLR,202950,2012,9.86E+08
Belarus,BLR,202950,2013,1.16E+09
Belarus,BLR,202950,2014,1.23E+09
Belarus,BLR,202950,2015,1.01E+09
Belarus,BLR,202950,2016,1.02E+09
Belarus,BLR,202950,2017,1124500000
Belarus,BLR,202950,2018,1.22E+09
Belarus,BLR,202950,2019,1.29E+09
Belarus,BLR,202950,2020,5.42E+08
Bermuda,BMU,54,2010,490800000
Bermuda,BMU,54,2011,5.00E+08
Bermuda,BMU,54,2012,4.48E+08
Bermuda,BMU,54,2013,4.47E+08
Bermuda,BMU,54,2014,4.07E+08
Bermuda,BMU,54,2015,3.70E+08
Bermuda,BMU,54,2016,4.40E+08
Bermuda,BMU,54,2017,5.13E+08
Bermuda,BMU,54,2018,5.83E+08
Bermuda,BMU,54,2019,6.01E+08
Bermuda,BMU,54,2020,9.40E+07
Bolivia,BOL,1083300,2010,3.39E+08
Bolivia,BOL,1083300,2011,4.99E+08
Bolivia,BOL,1083300,2012,6.31E+08
Bolivia,BOL,1083300,2013,6.39E+08
Bolivia,BOL,1083300,2014,7.46E+08
Bolivia,BOL,1083300,2015,8.10E+08
Bolivia,BOL,1083300,2016,8.27E+08
Bolivia,BOL,1083300,2017,9.28E+08
Bolivia,BOL,1083300,2018,9.48E+08
Bolivia,BOL,1083300,2019,9.77E+08
Bolivia,BOL,1083300,2020,2.43E+08
Brazil,BRA,8358140,2010,5.52E+09
Brazil,BRA,8358140,2011,6.37E+09
Brazil,BRA,8358140,2012,6.62E+09
Brazil,BRA,8358140,2013,6.78E+09
Brazil,BRA,8358140,2014,7.41E+09
Brazil,BRA,8358140,2015,6.25E+09
Brazil,BRA,8358140,2016,6.61E+09
Brazil,BRA,8358140,2017,6.18E+09
Brazil,BRA,8358140,2018,6.32E+09
Brazil,BRA,8358140,2019,6.13E+09
Brazil,BRA,8358140,2020,3.10E+09
Barbados,BRB,430,2010,1.04E+09
Barbados,BRB,430,2011,9.84E+08
Barbados,BRB,430,2012,9.47E+08
Barbados,BRB,430,2013,9.88E+08
Barbados,BRB,430,2014,9.10E+08
Barbados,BRB,430,2015,9.74E+08
Barbados,BRB,430,2016,1.07E+09
Barbados,BRB,430,2017,992571428.6
Barbados,BRB,430,2018,993750000
Barbados,BRB,430,2019,994928571.4
Barbados,BRB,430,2020,996107142.9
Brunei Darussalam,BRN,5270,2010,39107142.86
Brunei Darussalam,BRN,5270,2011,57714285.71
Brunei Darussalam,BRN,5270,2012,9.20E+07
Brunei Darussalam,BRN,5270,2013,9.60E+07
Brunei Darussalam,BRN,5270,2014,7.90E+07
Brunei Darussalam,BRN,5270,2015,1.47E+08
Brunei Darussalam,BRN,5270,2016,1.44E+08
Brunei Darussalam,BRN,5270,2017,1.77E+08
Brunei Darussalam,BRN,5270,2018,1.90E+08
Brunei Darussalam,BRN,5270,2019,206571428.6
Brunei Darussalam,BRN,5270,2020,225178571.4
Bhutan,BTN,38140,2010,6.40E+07
Bhutan,BTN,38140,2011,7.60E+07
Bhutan,BTN,38140,2012,9.30E+07
Bhutan,BTN,38140,2013,1.16E+08
Bhutan,BTN,38140,2014,9.90E+07
Bhutan,BTN,38140,2015,1.20E+08
Bhutan,BTN,38140,2016,1.39E+08
Bhutan,BTN,38140,2017,1.53E+08
Bhutan,BTN,38140,2018,1.21E+08
Bhutan,BTN,38140,2019,1.20E+08
Bhutan,BTN,38140,2020,8.40E+07
Botswana,BWA,566730,2010,440100006.1
Botswana,BWA,566730,2011,468299987.8
Botswana,BWA,566730,2012,515599975.6
Botswana,BWA,566730,2013,484200012.2
Botswana,BWA,566730,2014,529299987.8
Botswana,BWA,566730,2015,534299987.8
Botswana,BWA,566730,2016,5.05E+08
Botswana,BWA,566730,2017,542010009.8
Botswana,BWA,566730,2018,584200012.2
Botswana,BWA,566730,2019,712400024.4
Botswana,BWA,566730,2020,2.17E+08
Central African Republic,CAF,622980,2010,14399999.62
Central African Republic,CAF,622980,2011,1.50E+07
Central African Republic,CAF,622980,2012,1.50E+07
Central African Republic,CAF,622980,2013,15600000.38
Canada,CAN,8788700,2010,1.84E+10
Canada,CAN,8788700,2011,2.00E+10
Central Europe and the Baltics,CEB,1104953.23,NA,NA
Switzerland,CHE,39509.63,2010,1.79E+10
Switzerland,CHE,39509.63,2011,2.08E+10
Switzerland,CHE,39509.63,2012,1.96E+10
Switzerland,CHE,39509.63,2013,2.02E+10
Switzerland,CHE,39509.63,2014,2.14E+10
Switzerland,CHE,39509.63,2015,2.01E+10
Switzerland,CHE,39509.63,2016,1.98E+10
Switzerland,CHE,39509.63,2017,2.04E+10
Switzerland,CHE,39509.63,2018,2.13E+10
Switzerland,CHE,39509.63,2019,2.13E+10
Switzerland,CHE,39509.63,2020,9.99E+09
Channel Islands,CHI,198,NA,NA
Chile,CHL,743532,2010,2.36E+09
Chile,CHL,743532,2011,2.72E+09
Chile,CHL,743532,2012,3.16E+09
Chile,CHL,743532,2013,3.17E+09
Chile,CHL,743532,2014,3.20E+09
Chile,CHL,743532,2015,3.41E+09
Chile,CHL,743532,2016,3.74E+09
Chile,CHL,743532,2017,4.12E+09
Chile,CHL,743532,2018,3.91E+09
Chile,CHL,743532,2019,3.28E+09
Chile,CHL,743532,2020,1.03E+09
Cote d'Ivoire,CIV,318000,2010,2.13E+08
Cote d'Ivoire,CIV,318000,2011,1.86E+08
Cote d'Ivoire,CIV,318000,2012,172500000
Cote d'Ivoire,CIV,318000,2013,1.91E+08
Cote d'Ivoire,CIV,318000,2014,1.95E+08
Cote d'Ivoire,CIV,318000,2015,2.14E+08
Cote d'Ivoire,CIV,318000,2016,4.77E+08
Cote d'Ivoire,CIV,318000,2017,5.09E+08
Cote d'Ivoire,CIV,318000,2018,5.51E+08
Cote d'Ivoire,CIV,318000,2019,550500000
Cote d'Ivoire,CIV,318000,2020,199300003.1
Cameroon,CMR,472710,2010,1.71E+08
Cameroon,CMR,472710,2011,4.23E+08
Cameroon,CMR,472710,2012,3.77E+08
Cameroon,CMR,472710,2013,6.07E+08
Cameroon,CMR,472710,2014,6.29E+08
Cameroon,CMR,472710,2015,4.76E+08
Cameroon,CMR,472710,2016,5.08E+08
Cameroon,CMR,472710,2017,5.44E+08
Cameroon,CMR,472710,2018,6.33E+08
Cameroon,CMR,472710,2019,6.81E+08
Cameroon,CMR,472710,2020,4.37E+08
"Congo, Dem. Rep.",COD,2267050,2010,10700000
"Congo, Dem. Rep.",COD,2267050,2011,11400000
"Congo, Dem. Rep.",COD,2267050,2012,6900000
"Congo, Dem. Rep.",COD,2267050,2013,8400000
"Congo, Dem. Rep.",COD,2267050,2014,45400000
"Congo, Dem. Rep.",COD,2267050,2015,1.00E+05
"Congo, Dem. Rep.",COD,2267050,2016,4300000
"Congo, Dem. Rep.",COD,2267050,2017,6.00E+06
"Congo, Dem. Rep.",COD,2267050,2018,60500000
"Congo, Dem. Rep.",COD,2267050,2019,31202777.78
"Congo, Dem. Rep.",COD,2267050,2020,34027777.78
"Congo, Rep.",COG,341500,2010,3.90E+07
"Congo, Rep.",COG,341500,2011,4.70E+07
"Congo, Rep.",COG,341500,2012,6.80E+07
"Congo, Rep.",COG,341500,2013,52400001.53
"Congo, Rep.",COG,341500,2014,56900001.53
"Congo, Rep.",COG,341500,2015,46900001.53
"Congo, Rep.",COG,341500,2016,42900001.53
"Congo, Rep.",COG,341500,2017,50500002.19
"Congo, Rep.",COG,341500,2018,50514288.23
"Congo, Rep.",COG,341500,2019,50528574.27
"Congo, Rep.",COG,341500,2020,50542860.31
Colombia,COL,1109500,2010,3.47E+09
Colombia,COL,1109500,2011,3.84E+09
Colombia,COL,1109500,2012,4.41E+09
Colombia,COL,1109500,2013,4.82E+09
Colombia,COL,1109500,2014,4.94E+09
Colombia,COL,1109500,2015,5.28E+09
Colombia,COL,1109500,2016,5.63E+09
Colombia,COL,1109500,2017,5.90E+09
Colombia,COL,1109500,2018,6.66E+09
Colombia,COL,1109500,2019,6.78E+09
Colombia,COL,1109500,2020,1.96E+09
Comoros,COM,1861,2010,35200000.76
Comoros,COM,1861,2011,42200000.76
Comoros,COM,1861,2012,39299999.24
Comoros,COM,1861,2013,47602082.97
Comoros,COM,1861,2014,62799999.24
Comoros,COM,1861,2015,51599998.47
Comoros,COM,1861,2016,50500000
Comoros,COM,1861,2017,60599998.47
Comoros,COM,1861,2018,73699996.95
Comoros,COM,1861,2019,72699996.95
Comoros,COM,1861,2020,18500000
Cabo Verde,CPV,4030,2010,3.87E+08
Cabo Verde,CPV,4030,2011,4.38E+08
Cabo Verde,CPV,4030,2012,4.52E+08
Cabo Verde,CPV,4030,2013,4.83E+08
Cabo Verde,CPV,4030,2014,4.53E+08
Cabo Verde,CPV,4030,2015,3.80E+08
Cabo Verde,CPV,4030,2016,3.97E+08
Cabo Verde,CPV,4030,2017,4.51E+08
Cabo Verde,CPV,4030,2018,5.20E+08
Cabo Verde,CPV,4030,2019,5.67E+08
Cabo Verde,CPV,4030,2020,1.69E+08
Costa Rica,CRI,51060,2010,2.43E+09
Costa Rica,CRI,51060,2011,2.65E+09
Costa Rica,CRI,51060,2012,2.77E+09
Costa Rica,CRI,51060,2013,3.17E+09
Costa Rica,CRI,51060,2014,3.14E+09
Costa Rica,CRI,51060,2015,3.41E+09
Costa Rica,CRI,51060,2016,3.78E+09
Costa Rica,CRI,51060,2017,3.76E+09
Costa Rica,CRI,51060,2018,4.07E+09
Costa Rica,CRI,51060,2019,4.28E+09
Costa Rica,CRI,51060,2020,1.48E+09
Cuba,CUB,103800,2010,2.40E+09
Cuba,CUB,103800,2011,2.50E+09
Cuba,CUB,103800,2012,2.61E+09
Cuba,CUB,103800,2013,2.61E+09
Cuba,CUB,103800,2014,2.55E+09
Cuba,CUB,103800,2015,2.82E+09
Cuba,CUB,103800,2016,3.07E+09
Cuba,CUB,103800,2017,3.30E+09
Cuba,CUB,103800,2018,2.78E+09
Cuba,CUB,103800,2019,2.65E+09
Cuba,CUB,103800,2020,1.15E+09
Curacao,CUW,444,2010,4.38E+08
Curacao,CUW,444,2011,5.40E+08
Curacao,CUW,444,2012,6.76E+08
Curacao,CUW,444,2013,7.78E+08
Curacao,CUW,444,2014,8.20E+08
Curacao,CUW,444,2015,7.12E+08
Curacao,CUW,444,2016,6.44E+08
Curacao,CUW,444,2017,5.72E+08
Curacao,CUW,444,2018,6.04E+08
Curacao,CUW,444,2019,7.06E+08
Curacao,CUW,444,2020,2.82E+08
Cayman Islands,CYM,240,2010,4.65E+08
Cayman Islands,CYM,240,2011,4.72E+08
Cayman Islands,CYM,240,2012,4.89E+08
Cayman Islands,CYM,240,2013,5.00E+08
Cayman Islands,CYM,240,2014,5.65E+08
Cayman Islands,CYM,240,2015,6.80E+08
Cayman Islands,CYM,240,2016,7.08E+08
Cayman Islands,CYM,240,2017,8.32E+08
Cayman Islands,CYM,240,2018,9.11E+08
Cayman Islands,CYM,240,2019,9.64E+08
Cayman Islands,CYM,240,2020,992533333.3
Cyprus,CYP,9240,2010,2.14E+09
Cyprus,CYP,9240,2011,2.60E+09
Cyprus,CYP,9240,2012,2.60E+09
Cyprus,CYP,9240,2013,2.93E+09
Cyprus,CYP,9240,2014,2.92E+09
Cyprus,CYP,9240,2015,2525664307
Cyprus,CYP,9240,2016,2.87E+09
Cyprus,CYP,9240,2017,3.27E+09
Cyprus,CYP,9240,2018,3.45E+09
Cyprus,CYP,9240,2019,3.25E+09
Cyprus,CYP,9240,2020,6.63E+08
Czechia,CZE,77186.83,2010,8.07E+09
Czechia,CZE,77186.83,2011,8.93E+09
Czechia,CZE,77186.83,2012,8.17E+09
Czechia,CZE,77186.83,2013,7.79E+09
Czechia,CZE,77186.83,2014,7.61E+09
Czechia,CZE,77186.83,2015,6.77E+09
Czechia,CZE,77186.83,2016,7.04E+09
Czechia,CZE,77186.83,2017,7.70E+09
Czechia,CZE,77186.83,2018,8.28E+09
Czechia,CZE,77186.83,2019,7.97E+09
Czechia,CZE,77186.83,2020,3.89E+09
Germany,DEU,349390,2010,4.91E+10
Germany,DEU,349390,2011,5.35E+10
Germany,DEU,349390,2012,5.16E+10
Germany,DEU,349390,2013,5.55E+10
Germany,DEU,349390,2014,5.87E+10
Germany,DEU,349390,2015,5.07E+10
Germany,DEU,349390,2016,5.22E+10
Germany,DEU,349390,2017,5.58E+10
Germany,DEU,349390,2018,5.94E+10
Germany,DEU,349390,2019,5.84E+10
Germany,DEU,349390,2020,58754600000
Djibouti,DJI,23180,2010,1.80E+07
Djibouti,DJI,23180,2011,19200000
Djibouti,DJI,23180,2012,20500000
Djibouti,DJI,23180,2013,21600000
Djibouti,DJI,23180,2014,24700000
Djibouti,DJI,23180,2015,30900000
Djibouti,DJI,23180,2016,33500000
Djibouti,DJI,23180,2017,36200000
Djibouti,DJI,23180,2018,5.70E+07
Djibouti,DJI,23180,2019,49258333.33
Djibouti,DJI,23180,2020,53296666.67
Dominica,DMA,750,2010,9.40E+07
Dominica,DMA,750,2011,1.06E+08
Dominica,DMA,750,2012,7.60E+07
Dominica,DMA,750,2013,8.20E+07
Dominica,DMA,750,2014,2.16E+08
Dominica,DMA,750,2015,2.02E+08
Dominica,DMA,750,2016,1.98E+08
Dominica,DMA,750,2017,1.61E+08
Dominica,DMA,750,2018,1.11E+08
Dominica,DMA,750,2019,188194444.4
Dominica,DMA,750,2020,198144444.4
Denmark,DNK,40000,2010,5.70E+09
Denmark,DNK,40000,2011,6.37E+09
Denmark,DNK,40000,2012,6.14E+09
Denmark,DNK,40000,2013,6.49E+09
Denmark,DNK,40000,2014,7.62E+09
Denmark,DNK,40000,2015,6.69E+09
Denmark,DNK,40000,2016,7.49E+09
Denmark,DNK,40000,2017,8.51E+09
Denmark,DNK,40000,2018,9.10E+09
Denmark,DNK,40000,2019,9031027778
Denmark,DNK,40000,2020,9412877778
Dominican Republic,DOM,47531,2010,4.16E+09
Dominican Republic,DOM,47531,2011,4.39E+09
Dominican Republic,DOM,47531,2012,4.69E+09
Dominican Republic,DOM,47531,2013,5.06E+09
Dominican Republic,DOM,47531,2014,5.63E+09
Dominican Republic,DOM,47531,2015,6.12E+09
Dominican Republic,DOM,47531,2016,6.72E+09
Dominican Republic,DOM,47531,2017,7.18E+09
Dominican Republic,DOM,47531,2018,7.56E+09
Dominican Republic,DOM,47531,2019,7981388889
Dominican Republic,DOM,47531,2020,8433088889
Algeria,DZA,2381741,2010,3.24E+08
Algeria,DZA,2381741,2011,3.00E+08
Algeria,DZA,2381741,2012,2.95E+08
Algeria,DZA,2381741,2013,3.26E+08
Algeria,DZA,2381741,2014,3.16E+08
Algeria,DZA,2381741,2015,3.47E+08
Algeria,DZA,2381741,2016,2.46E+08
Algeria,DZA,2381741,2017,1.71E+08
Algeria,DZA,2381741,2018,196500000
Algeria,DZA,2381741,2019,1.40E+08
Algeria,DZA,2381741,2020,5.00E+07
Ecuador,ECU,248360,2010,7.86E+08
Ecuador,ECU,248360,2011,8.49E+08
Ecuador,ECU,248360,2012,1.04E+09
Ecuador,ECU,248360,2013,1.25E+09
Ecuador,ECU,248360,2014,1.49E+09
Ecuador,ECU,248360,2015,1.56E+09
Ecuador,ECU,248360,2016,1.73E+09
Ecuador,ECU,248360,2017,2.02E+09
Ecuador,ECU,248360,2018,2.28E+09
Ecuador,ECU,248360,2019,2.29E+09
Ecuador,ECU,248360,2020,7.05E+08
"Egypt, Arab Rep.",EGY,995450,2010,1.36E+10
"Egypt, Arab Rep.",EGY,995450,2011,9.33E+09
"Egypt, Arab Rep.",EGY,995450,2012,1.08E+10
"Egypt, Arab Rep.",EGY,995450,2013,6.75E+09
"Egypt, Arab Rep.",EGY,995450,2014,7.98E+09
"Egypt, Arab Rep.",EGY,995450,2015,6.90E+09
"Egypt, Arab Rep.",EGY,995450,2016,3.31E+09
"Egypt, Arab Rep.",EGY,995450,2017,8.64E+09
"Egypt, Arab Rep.",EGY,995450,2018,1.27E+10
"Egypt, Arab Rep.",EGY,995450,2019,1.43E+10
"Egypt, Arab Rep.",EGY,995450,2020,4.87E+09
Eritrea,ERI,121040.829,2016,4.80E+07
Estonia,EST,42750,2010,2463452381
Estonia,EST,42750,2011,2386940476
Estonia,EST,42750,2012,2310428571
Estonia,EST,42750,2013,2.02E+09
Estonia,EST,42750,2014,2.28E+09
Estonia,EST,42750,2015,1.89E+09
Estonia,EST,42750,2016,1.91E+09
Estonia,EST,42750,2017,2.12E+09
Estonia,EST,42750,2018,2.33E+09
Estonia,EST,42750,2019,2.31E+09
Estonia,EST,42750,2020,8.65E+08
Ethiopia,ETH,1128571.265,2010,1.43E+09
Ethiopia,ETH,1128571.265,2011,2.00E+09
Ethiopia,ETH,1128571.265,2012,1.98E+09
Ethiopia,ETH,1128571.265,2013,2.24E+09
Ethiopia,ETH,1128571.265,2014,2.11E+09
Ethiopia,ETH,1128571.265,2015,2.28E+09
Ethiopia,ETH,1128571.265,2016,2.14E+09
Ethiopia,ETH,1128571.265,2017,2.51E+09
Ethiopia,ETH,1128571.265,2018,3.55E+09
Ethiopia,ETH,1128571.265,2019,3.53E+09
Ethiopia,ETH,1128571.265,2020,2.28E+09
Finland,FIN,303947.7,2010,4.50E+09
Finland,FIN,303947.7,2011,5.62E+09
Finland,FIN,303947.7,2012,5.42E+09
Finland,FIN,303947.7,2013,5.77E+09
Finland,FIN,303947.7,2014,5.41E+09
Finland,FIN,303947.7,2015,4.01E+09
Finland,FIN,303947.7,2016,4.02E+09
Finland,FIN,303947.7,2017,5.21E+09
Finland,FIN,303947.7,2018,5.76E+09
Finland,FIN,303947.7,2019,5.94E+09
Finland,FIN,303947.7,2020,1.76E+09
Fiji,FJI,18270,2010,8.25E+08
Fiji,FJI,18270,2011,9.55E+08
Fiji,FJI,18270,2012,9.89E+08
Fiji,FJI,18270,2013,9.66E+08
Fiji,FJI,18270,2014,1.09E+09
Fiji,FJI,18270,2015,1.09E+09
Fiji,FJI,18270,2016,1.15E+09
Fiji,FJI,18270,2017,1.24E+09
Fiji,FJI,18270,2018,1.37E+09
Fiji,FJI,18270,2019,1.35E+09
Fiji,FJI,18270,2020,2.36E+08
France,FRA,547557,2010,5.62E+10
France,FRA,547557,2011,6.61E+10
France,FRA,547557,2012,6.40E+10
France,FRA,547557,2013,6.61E+10
France,FRA,547557,2014,6.74E+10
France,FRA,547557,2015,6.64E+10
France,FRA,547557,2016,6.36E+10
France,FRA,547557,2017,6.77E+10
France,FRA,547557,2018,7.25E+10
France,FRA,547557,2019,7.08E+10
France,FRA,547557,2020,3.60E+10
Gabon,GAB,257670,2010,8.90E+07
Gabon,GAB,257670,2011,25399999.62
Gabon,GAB,257670,2012,39500000
Gabon,GAB,257670,2013,61200000.76
Gabon,GAB,257670,2014,43500000
Gabon,GAB,257670,2015,28700000.76
Gabon,GAB,257670,2016,25333334.09
Gabon,GAB,257670,2017,18890477.11
Gabon,GAB,257670,2018,12447620.13
Gabon,GAB,257670,2019,6004763.153
Gabon,GAB,257670,2020,-438093.8267
Georgia,GEO,69490,2010,7.37E+08
Georgia,GEO,69490,2011,1.07E+09
Georgia,GEO,69490,2012,1.57E+09
Georgia,GEO,69490,2013,1.92E+09
Georgia,GEO,69490,2014,1.97E+09
Georgia,GEO,69490,2015,2.05E+09
Georgia,GEO,69490,2016,2.32E+09
Georgia,GEO,69490,2017,2.97E+09
Georgia,GEO,69490,2018,3.52E+09
Georgia,GEO,69490,2019,3.55E+09
Georgia,GEO,69490,2020,5.86E+08
Ghana,GHA,227533,2010,7.06E+08
Ghana,GHA,227533,2011,7.97E+08
Ghana,GHA,227533,2012,1.15E+09
Ghana,GHA,227533,2013,1.01E+09
Ghana,GHA,227533,2014,1.03E+09
Ghana,GHA,227533,2015,9.11E+08
Ghana,GHA,227533,2016,9.52E+08
Ghana,GHA,227533,2017,9.19E+08
Ghana,GHA,227533,2018,9.96E+08
Ghana,GHA,227533,2019,1.49E+09
Ghana,GHA,227533,2020,1.91E+08
Guinea,GIN,245720,2010,2039999.962
Guinea,GIN,245720,2011,2119999.886
Guinea,GIN,245720,2012,1679999.948
Guinea,GIN,245720,2013,8885833.382
Guinea,GIN,245720,2014,17100000.38
Guinea,GIN,245720,2015,2.70E+07
Guinea,GIN,245720,2016,16600000.38
Guinea,GIN,245720,2017,16600000.38
Guinea,GIN,245720,2018,4699999.809
Guinea,GIN,245720,2019,10399999.62
Guinea,GIN,245720,2020,1289999.962
"Gambia, The",GMB,10120,2010,8.00E+07
"Gambia, The",GMB,10120,2011,8.60E+07
"Gambia, The",GMB,10120,2012,1.04E+08
"Gambia, The",GMB,10120,2013,7.80E+07
"Gambia, The",GMB,10120,2014,1.10E+08
"Gambia, The",GMB,10120,2015,9.20E+07
"Gambia, The",GMB,10120,2016,8.80E+07
"Gambia, The",GMB,10120,2017,1.28E+08
"Gambia, The",GMB,10120,2018,1.74E+08
"Gambia, The",GMB,10120,2019,1.57E+08
"Gambia, The",GMB,10120,2020,5.30E+07
Guinea-Bissau,GNB,28120,2010,13600000.38
Guinea-Bissau,GNB,28120,2011,14500000
Guinea-Bissau,GNB,28120,2012,6800000.191
Guinea-Bissau,GNB,28120,2013,13740946.44
Guinea-Bissau,GNB,28120,2014,14609204.5
Guinea-Bissau,GNB,28120,2015,15477462.56
Guinea-Bissau,GNB,28120,2016,16345720.62
Guinea-Bissau,GNB,28120,2017,16440000.53
Guinea-Bissau,GNB,28120,2018,2.00E+07
Guinea-Bissau,GNB,28120,2019,18920000.08
Guinea-Bissau,GNB,28120,2020,19818752.85
Greece,GRC,128900,2010,1.39E+10
Greece,GRC,128900,2011,1.63E+10
Greece,GRC,128900,2012,1.47E+10
Greece,GRC,128900,2013,1.74E+10
Greece,GRC,128900,2014,1.95E+10
Greece,GRC,128900,2015,1.75E+10
Greece,GRC,128900,2016,1.68E+10
Greece,GRC,128900,2017,1.91E+10
Greece,GRC,128900,2018,2.16E+10
Greece,GRC,128900,2019,2.30E+10
Greece,GRC,128900,2020,6.19E+09
Grenada,GRD,340,2010,1.12E+08
Grenada,GRD,340,2011,1.17E+08
Grenada,GRD,340,2012,1.22E+08
Grenada,GRD,340,2013,1.20E+08
Grenada,GRD,340,2014,3.88E+08
Grenada,GRD,340,2015,4.22E+08
Grenada,GRD,340,2016,4.37E+08
Grenada,GRD,340,2017,4.82E+08
Grenada,GRD,340,2018,5.48E+08
Grenada,GRD,340,2019,619583333.3
Grenada,GRD,340,2020,682433333.3
Guatemala,GTM,107160,2010,1053300049
Guatemala,GTM,107160,2011,1077400024
Guatemala,GTM,107160,2012,1.11E+09
Guatemala,GTM,107160,2013,1160699951
Guatemala,GTM,107160,2014,1164400024
Guatemala,GTM,107160,2015,1169500000
Guatemala,GTM,107160,2016,1202699951
Guatemala,GTM,107160,2017,1217599976
Guatemala,GTM,107160,2018,1235099976
Guatemala,GTM,107160,2019,1227199951
Guatemala,GTM,107160,2020,298500000
"Hong Kong SAR, China",HKG,1050,2010,2.72E+10
"Hong Kong SAR, China",HKG,1050,2011,3.32E+10
"Hong Kong SAR, China",HKG,1050,2012,3.71E+10
"Hong Kong SAR, China",HKG,1050,2013,4.24E+10
"Hong Kong SAR, China",HKG,1050,2014,4.64E+10
"Hong Kong SAR, China",HKG,1050,2015,4.25E+10
"Hong Kong SAR, China",HKG,1050,2016,3.78E+10
"Hong Kong SAR, China",HKG,1050,2017,3.82E+10
"Hong Kong SAR, China",HKG,1050,2018,4.23E+10
"Hong Kong SAR, China",HKG,1050,2019,3.27E+10
"Hong Kong SAR, China",HKG,1050,2020,41347666667
Honduras,HND,111890,2010,626700012.2
Honduras,HND,111890,2011,641500000
Honduras,HND,111890,2012,683700012.2
Honduras,HND,111890,2013,6.18E+08
Honduras,HND,111890,2014,7.06E+08
Honduras,HND,111890,2015,6.71E+08
Honduras,HND,111890,2016,5.85E+08
Honduras,HND,111890,2017,6.10E+08
Honduras,HND,111890,2018,6.01E+08
Honduras,HND,111890,2019,5.56E+08
Honduras,HND,111890,2020,1.89E+08
Croatia,HRV,55960,2010,8.30E+09
Croatia,HRV,55960,2011,9.60E+09
Croatia,HRV,55960,2012,8.91E+09
Croatia,HRV,55960,2013,9.72E+09
Croatia,HRV,55960,2014,1.01E+10
Croatia,HRV,55960,2015,8.21E+09
Croatia,HRV,55960,2016,9.22E+09
Croatia,HRV,55960,2017,1.05E+10
Croatia,HRV,55960,2018,1.13E+10
Croatia,HRV,55960,2019,1.20E+10
Croatia,HRV,55960,2020,5631853027
Haiti,HTI,27560,2010,3.83E+08
Haiti,HTI,27560,2011,4.56E+08
Haiti,HTI,27560,2012,4.47E+08
Haiti,HTI,27560,2013,5.46E+08
Haiti,HTI,27560,2014,5.78E+08
Haiti,HTI,27560,2015,6.09E+08
Haiti,HTI,27560,2016,5.11E+08
Haiti,HTI,27560,2017,4.60E+08
Haiti,HTI,27560,2018,6.20E+08
Haiti,HTI,27560,2019,608138888.9
Haiti,HTI,27560,2020,627322222.2
Hungary,HUN,91260,2010,6.60E+09
Hungary,HUN,91260,2011,7.24E+09
Hungary,HUN,91260,2012,6.15E+09
Hungary,HUN,91260,2013,6.67E+09
Hungary,HUN,91260,2014,7.48E+09
Hungary,HUN,91260,2015,6.93E+09
Hungary,HUN,91260,2016,7.48E+09
Hungary,HUN,91260,2017,8.45E+09
Hungary,HUN,91260,2018,9.62E+09
Hungary,HUN,91260,2019,1.02E+10
Hungary,HUN,91260,2020,4.22E+09
Indonesia,IDN,1892555.47,2010,7.62E+09
Indonesia,IDN,1892555.47,2011,9.04E+09
Indonesia,IDN,1892555.47,2012,9.46E+09
Indonesia,IDN,1892555.47,2013,1.03E+10
Indonesia,IDN,1892555.47,2014,1.16E+10
Indonesia,IDN,1892555.47,2015,1.21E+10
Indonesia,IDN,1892555.47,2016,1.26E+10
Indonesia,IDN,1892555.47,2017,1.47E+10
Indonesia,IDN,1892555.47,2018,1.79E+10
Indonesia,IDN,1892555.47,2019,1.84E+10
Indonesia,IDN,1892555.47,2020,3.53E+09
India,IND,2973190,2010,18624433333
India,IND,2973190,2011,19313250000
India,IND,2973190,2012,1.83E+10
India,IND,2973190,2013,1.90E+10
India,IND,2973190,2014,2.08E+10
India,IND,2973190,2015,2.15E+10
India,IND,2973190,2016,2.31E+10
India,IND,2973190,2017,2.79E+10
India,IND,2973190,2018,2.91E+10
India,IND,2973190,2019,3.17E+10
India,IND,2973190,2020,1.34E+10
Ireland,IRL,68890,2010,8.19E+09
Ireland,IRL,68890,2011,9.53E+09
Ireland,IRL,68890,2012,9.26E+09
Ireland,IRL,68890,2013,1.02E+10
Ireland,IRL,68890,2014,1.11E+10
Ireland,IRL,68890,2015,1.15E+10
Ireland,IRL,68890,2016,1.26E+10
Ireland,IRL,68890,2017,1.43E+10
Ireland,IRL,68890,2018,1.53E+10
Ireland,IRL,68890,2019,1.48E+10
Ireland,IRL,68890,2020,4.16E+09
"Iran, Islamic Rep.",IRN,1622500,2010,2.63E+09
"Iran, Islamic Rep.",IRN,1622500,2011,2.49E+09
"Iran, Islamic Rep.",IRN,1622500,2012,2.48E+09
"Iran, Islamic Rep.",IRN,1622500,2013,3.31E+09
"Iran, Islamic Rep.",IRN,1622500,2014,4.20E+09
"Iran, Islamic Rep.",IRN,1622500,2015,4.77E+09
"Iran, Islamic Rep.",IRN,1622500,2016,4.63E+09
"Iran, Islamic Rep.",IRN,1622500,2017,4.53E+09
"Iran, Islamic Rep.",IRN,1622500,2018,5.25E+09
"Iran, Islamic Rep.",IRN,1622500,2019,5675194444
"Iran, Islamic Rep.",IRN,1622500,2020,6048144444
Iraq,IRQ,434128,2010,1.74E+09
Iraq,IRQ,434128,2011,1.56E+09
Iraq,IRQ,434128,2012,1.64E+09
Iraq,IRQ,434128,2013,1.68E+09
Iraq,IRQ,434128,2014,1.94E+09
Iraq,IRQ,434128,2015,2.83E+09
Iraq,IRQ,434128,2016,3.12E+09
Iraq,IRQ,434128,2017,2.96E+09
Iraq,IRQ,434128,2018,1.99E+09
Iraq,IRQ,434128,2019,3.59E+09
Iraq,IRQ,434128,2020,9.55E+08
Israel,ISR,21640,2010,5.64E+09
Israel,ISR,21640,2011,5.89E+09
Israel,ISR,21640,2012,6.18E+09
Israel,ISR,21640,2013,6.60E+09
Israel,ISR,21640,2014,6.62E+09
Israel,ISR,21640,2015,6.61E+09
Israel,ISR,21640,2016,6.62E+09
Israel,ISR,21640,2017,7.60E+09
Israel,ISR,21640,2018,8.05E+09
Israel,ISR,21640,2019,8.46E+09
Israel,ISR,21640,2020,2.66E+09
Italy,ITA,295717,2010,57729047619
Italy,ITA,295717,2011,55688019048
Italy,ITA,295717,2012,53646990476
Italy,ITA,295717,2013,51605961905
Italy,ITA,295717,2014,49564933333
Italy,ITA,295717,2015,4.14E+10
Italy,ITA,295717,2016,4.24E+10
Italy,ITA,295717,2017,4.67E+10
Italy,ITA,295717,2018,5.16E+10
Italy,ITA,295717,2019,5.19E+10
Italy,ITA,295717,2020,2.05E+10
Jamaica,JAM,10830,2010,2.10E+09
Jamaica,JAM,10830,2011,2.06E+09
Jordan,JOR,88794,2010,4.39E+09
Jordan,JOR,88794,2011,4.35E+09
Jordan,JOR,88794,2012,5.12E+09
Jordan,JOR,88794,2013,5.15E+09
Jordan,JOR,88794,2014,5.52E+09
Jordan,JOR,88794,2015,4.97E+09
Jordan,JOR,88794,2016,4.94E+09
Jordan,JOR,88794,2017,5.55E+09
Jordan,JOR,88794,2018,6.22E+09
Jordan,JOR,88794,2019,6.77E+09
Jordan,JOR,88794,2020,1.75E+09
Japan,JPN,364500,2010,1.54E+10
Japan,JPN,364500,2011,1.25E+10
Japan,JPN,364500,2012,1.62E+10
Japan,JPN,364500,2013,1.69E+10
Japan,JPN,364500,2014,2.08E+10
Japan,JPN,364500,2015,2.73E+10
Japan,JPN,364500,2016,3.35E+10
Japan,JPN,364500,2017,3.70E+10
Japan,JPN,364500,2018,4.53E+10
Japan,JPN,364500,2019,4.92E+10
Japan,JPN,364500,2020,1.14E+10
Kazakhstan,KAZ,2699700,2010,1.24E+09
Kazakhstan,KAZ,2699700,2011,1.52E+09
Kazakhstan,KAZ,2699700,2012,2.15E+09
Kazakhstan,KAZ,2699700,2013,2.37E+09
Kazakhstan,KAZ,2699700,2014,2.24E+09
Kazakhstan,KAZ,2699700,2015,1.83E+09
Kazakhstan,KAZ,2699700,2016,2.04E+09
Kazakhstan,KAZ,2699700,2017,2.36E+09
Kazakhstan,KAZ,2699700,2018,2.65E+09
Kazakhstan,KAZ,2699700,2019,2.92E+09
Kazakhstan,KAZ,2699700,2020,5.89E+08
Kenya,KEN,569140,2010,1.62E+09
Kenya,KEN,569140,2011,1.84E+09
Kenya,KEN,569140,2012,2.00E+09
Kenya,KEN,569140,2013,1.83E+09
Kenya,KEN,569140,2014,1.75E+09
Kenya,KEN,569140,2015,1.60E+09
Kenya,KEN,569140,2016,1.47E+09
Kenya,KEN,569140,2017,1.56E+09
Kenya,KEN,569140,2018,1.78E+09
Kenya,KEN,569140,2019,1.76E+09
Kenya,KEN,569140,2020,1636600000
Kyrgyz Republic,KGZ,191800,2010,2.12E+08
Kyrgyz Republic,KGZ,191800,2011,4.05E+08
Kyrgyz Republic,KGZ,191800,2012,4.86E+08
Kyrgyz Republic,KGZ,191800,2013,5.85E+08
Kyrgyz Republic,KGZ,191800,2014,4.68E+08
Kyrgyz Republic,KGZ,191800,2015,4.82E+08
Kyrgyz Republic,KGZ,191800,2016,4.77E+08
Kyrgyz Republic,KGZ,191800,2017,4.80E+08
Kyrgyz Republic,KGZ,191800,2018,5.18E+08
Kyrgyz Republic,KGZ,191800,2019,7.08E+08
Kyrgyz Republic,KGZ,191800,2020,1.95E+08
Cambodia,KHM,176520,2010,1.67E+09
Cambodia,KHM,176520,2011,2.26E+09
Cambodia,KHM,176520,2012,2.66E+09
Cambodia,KHM,176520,2013,2.90E+09
Cambodia,KHM,176520,2014,3.22E+09
Cambodia,KHM,176520,2015,3.42E+09
Cambodia,KHM,176520,2016,3.52E+09
Cambodia,KHM,176520,2017,4.02E+09
Cambodia,KHM,176520,2018,4.83E+09
Cambodia,KHM,176520,2019,5.31E+09
Cambodia,KHM,176520,2020,1.12E+09
Kiribati,KIR,810,2017,5170000.076
St. Kitts and Nevis,KNA,260,2010,9.00E+07
St. Kitts and Nevis,KNA,260,2011,9.40E+07
St. Kitts and Nevis,KNA,260,2012,9.50E+07
St. Kitts and Nevis,KNA,260,2013,1.01E+08
St. Kitts and Nevis,KNA,260,2014,3.43E+08
St. Kitts and Nevis,KNA,260,2015,3.17E+08
St. Kitts and Nevis,KNA,260,2016,3.32E+08
St. Kitts and Nevis,KNA,260,2017,3.55E+08
St. Kitts and Nevis,KNA,260,2018,3.67E+08
St. Kitts and Nevis,KNA,260,2019,447750000
St. Kitts and Nevis,KNA,260,2020,490766666.7
"Korea, Rep.",KOR,97600,2010,1.43E+10
"Korea, Rep.",KOR,97600,2011,1.73E+10
"Korea, Rep.",KOR,97600,2012,1.87E+10
"Korea, Rep.",KOR,97600,2013,1.95E+10
"Korea, Rep.",KOR,97600,2014,2.24E+10
"Korea, Rep.",KOR,97600,2015,1.87E+10
"Korea, Rep.",KOR,97600,2016,2.09E+10
"Korea, Rep.",KOR,97600,2017,1.72E+10
"Korea, Rep.",KOR,97600,2018,2.31E+10
"Korea, Rep.",KOR,97600,2019,2.55E+10
"Korea, Rep.",KOR,97600,2020,1.18E+10
Kuwait,KWT,17820,2010,5.74E+08
Kuwait,KWT,17820,2011,6.44E+08
Kuwait,KWT,17820,2012,7.80E+08
Kuwait,KWT,17820,2013,6.19E+08
Kuwait,KWT,17820,2014,6.15E+08
Kuwait,KWT,17820,2015,9.31E+08
Kuwait,KWT,17820,2016,8.31E+08
Kuwait,KWT,17820,2017,6.43E+08
Kuwait,KWT,17820,2018,9.19E+08
Kuwait,KWT,17820,2019,1.20E+09
Kuwait,KWT,17820,2020,5.24E+08
Lao PDR,LAO,230800,2010,3.85E+08
Lao PDR,LAO,230800,2011,4.13E+08
Lao PDR,LAO,230800,2012,4.61E+08
Lao PDR,LAO,230800,2013,6.13E+08
Lao PDR,LAO,230800,2014,642400024.4
Lao PDR,LAO,230800,2015,7.25E+08
Lao PDR,LAO,230800,2016,7.17E+08
Lao PDR,LAO,230800,2017,6.55E+08
Lao PDR,LAO,230800,2018,8.33E+08
Lao PDR,LAO,230800,2019,9.74E+08
Lao PDR,LAO,230800,2020,2.27E+08
Lebanon,LBN,10230,2010,8.03E+09
Lebanon,LBN,10230,2011,6.80E+09
Lebanon,LBN,10230,2012,7.36E+09
Lebanon,LBN,10230,2013,7.03E+09
Lebanon,LBN,10230,2014,6.84E+09
Lebanon,LBN,10230,2015,7.09E+09
Lebanon,LBN,10230,2016,7.37E+09
Lebanon,LBN,10230,2017,8.09E+09
Lebanon,LBN,10230,2018,8.69E+09
Lebanon,LBN,10230,2019,8.72E+09
Lebanon,LBN,10230,2020,2.37E+09
Libya,LBY,1759540,2010,1.70E+08
St. Lucia,LCA,610,2010,3.09E+08
St. Lucia,LCA,610,2011,3.21E+08
St. Lucia,LCA,610,2012,3.37E+08
St. Lucia,LCA,610,2013,3.54E+08
St. Lucia,LCA,610,2014,7.78E+08
St. Lucia,LCA,610,2015,8.10E+08
St. Lucia,LCA,610,2016,7.76E+08
St. Lucia,LCA,610,2017,8.75E+08
St. Lucia,LCA,610,2018,9.89E+08
St. Lucia,LCA,610,2019,1092888889
St. Lucia,LCA,610,2020,1188155556
Latin America & Caribbean,LCN,20038201,NA,NA
Least developed countries: UN classification,LDC,20398133.09,NA,NA
Low income,LIC,14745302.09,NA,NA
Liechtenstein,LIE,160,NA,NA
Sri Lanka,LKA,61860,2010,1.04E+09
Sri Lanka,LKA,61860,2011,1.42E+09
Sri Lanka,LKA,61860,2012,1.76E+09
Sri Lanka,LKA,61860,2013,2.51E+09
Sri Lanka,LKA,61860,2014,3.28E+09
Sri Lanka,LKA,61860,2015,3.98E+09
Sri Lanka,LKA,61860,2016,4.59E+09
Sri Lanka,LKA,61860,2017,5.08E+09
Sri Lanka,LKA,61860,2018,5.61E+09
Sri Lanka,LKA,61860,2019,4.66E+09
Sri Lanka,LKA,61860,2020,1.08E+09
Lower middle income,LMC,24014688,NA,NA
Low & middle income,LMY,93629196.56,NA,NA
Late-demographic dividend,LTE,44521646,NA,NA
Luxembourg,LUX,2574.46,2010,4.52E+09
Luxembourg,LUX,2574.46,2011,5.36E+09
Luxembourg,LUX,2574.46,2012,5.40E+09
Luxembourg,LUX,2574.46,2013,5.63E+09
Luxembourg,LUX,2574.46,2014,6.03E+09
Luxembourg,LUX,2574.46,2015,6.18E+09
Luxembourg,LUX,2574.46,2016,5.61E+09
Luxembourg,LUX,2574.46,2017,5.47E+09
Luxembourg,LUX,2574.46,2018,5.64E+09
Luxembourg,LUX,2574.46,2019,5.65E+09
Luxembourg,LUX,2574.46,2020,4.45E+09
"Macao SAR, China",MAC,33,2010,2.27E+10
"Macao SAR, China",MAC,33,2011,3.11E+10
"Macao SAR, China",MAC,33,2012,3.66E+10
"Macao SAR, China",MAC,33,2013,4.38E+10
"Macao SAR, China",MAC,33,2014,4.34E+10
"Macao SAR, China",MAC,33,2015,3.16E+10
"Macao SAR, China",MAC,33,2016,3.12E+10
"Macao SAR, China",MAC,33,2017,3.66E+10
"Macao SAR, China",MAC,33,2018,4.15E+10
"Macao SAR, China",MAC,33,2019,4.12E+10
"Macao SAR, China",MAC,33,2020,9.44E+09
St. Martin (French part),MAF,50,NA,NA
Morocco,MAR,446300,2010,8.18E+09
Morocco,MAR,446300,2011,9.10E+09
Morocco,MAR,446300,2012,8.49E+09
Morocco,MAR,446300,2013,8.20E+09
Morocco,MAR,446300,2014,9.07E+09
Morocco,MAR,446300,2015,7.77E+09
Morocco,MAR,446300,2016,7.92E+09
Morocco,MAR,446300,2017,9.09E+09
Morocco,MAR,446300,2018,9.52E+09
Morocco,MAR,446300,2019,9.95E+09
Morocco,MAR,446300,2020,4.51E+09
Monaco,MCO,2.084,NA,NA
Moldova,MDA,32970,2010,2.22E+08
Moldova,MDA,32970,2011,2.53E+08
Moldova,MDA,32970,2012,2.79E+08
Moldova,MDA,32970,2013,3.24E+08
Moldova,MDA,32970,2014,3.28E+08
Moldova,MDA,32970,2015,3.00E+08
Moldova,MDA,32970,2016,3.44E+08
Moldova,MDA,32970,2017,4.42E+08
Moldova,MDA,32970,2018,5.00E+08
Moldova,MDA,32970,2019,5.27E+08
Moldova,MDA,32970,2020,3.54E+08
Madagascar,MDG,581800,2010,4.25E+08
Madagascar,MDG,581800,2011,5.07E+08
Madagascar,MDG,581800,2012,5.96E+08
Madagascar,MDG,581800,2013,6.09E+08
Madagascar,MDG,581800,2014,7.40E+08
Madagascar,MDG,581800,2015,6.96E+08
Madagascar,MDG,581800,2016,9.12E+08
Madagascar,MDG,581800,2017,8.49E+08
Madagascar,MDG,581800,2018,8.79E+08
Madagascar,MDG,581800,2019,9.51E+08
Madagascar,MDG,581800,2020,2.02E+08
Maldives,MDV,300,2010,2298400000
Maldives,MDV,300,2011,1.97E+09
Maldives,MDV,300,2012,2.03E+09
Maldives,MDV,300,2013,2.42E+09
Maldives,MDV,300,2014,2.81E+09
Maldives,MDV,300,2015,2.69E+09
Maldives,MDV,300,2016,2.64E+09
Maldives,MDV,300,2017,2.77E+09
Maldives,MDV,300,2018,3.05E+09
Maldives,MDV,300,2019,3.17E+09
Maldives,MDV,300,2020,1.41E+09
Middle East & North Africa,MEA,11217118,NA,NA
Mexico,MEX,1943950,2010,1.26E+10
Mexico,MEX,1943950,2011,1.25E+10
Mexico,MEX,1943950,2012,1.33E+10
Mexico,MEX,1943950,2013,1.43E+10
Mexico,MEX,1943950,2014,1.66E+10
Mexico,MEX,1943950,2015,1.87E+10
Mexico,MEX,1943950,2016,2.06E+10
Mexico,MEX,1943950,2017,2.25E+10
Mexico,MEX,1943950,2018,2.38E+10
Mexico,MEX,1943950,2019,2.58E+10
Mexico,MEX,1943950,2020,1.14E+10
Marshall Islands,MHL,180,2010,3700000.048
Marshall Islands,MHL,180,2011,4780000.21
Marshall Islands,MHL,180,2012,4090000.153
Marshall Islands,MHL,180,2013,4300000.191
Marshall Islands,MHL,180,2014,5400000.095
Marshall Islands,MHL,180,2015,1500000
Marshall Islands,MHL,180,2016,30399999.62
Marshall Islands,MHL,180,2017,18100000.38
Marshall Islands,MHL,180,2018,20100000.38
Marshall Islands,MHL,180,2019,23211666.83
Marshall Islands,MHL,180,2020,25801333.51
Middle income,MIC,78883894.47,NA,NA
North Macedonia,MKD,25220,2010,1.99E+08
North Macedonia,MKD,25220,2011,2.42E+08
North Macedonia,MKD,25220,2012,2.37E+08
North Macedonia,MKD,25220,2013,2.70E+08
North Macedonia,MKD,25220,2014,2.98E+08
North Macedonia,MKD,25220,2015,2.68E+08
North Macedonia,MKD,25220,2016,2.83E+08
North Macedonia,MKD,25220,2017,3.31E+08
North Macedonia,MKD,25220,2018,3.87E+08
North Macedonia,MKD,25220,2019,4.01E+08
North Macedonia,MKD,25220,2020,2.53E+08
Mali,MLI,1220190,2010,2.08E+08
Mali,MLI,1220190,2011,2.18E+08
Mali,MLI,1220190,2012,1.44E+08
Mali,MLI,1220190,2013,178199996.9
Mali,MLI,1220190,2014,213899993.9
Mali,MLI,1220190,2015,1.86E+08
Mali,MLI,1220190,2016,201600006.1
Mali,MLI,1220190,2017,206399993.9
Mali,MLI,1220190,2018,2.31E+08
Mali,MLI,1220190,2019,213583332.1
Mali,MLI,1220190,2020,216586665.3
Myanmar,MMR,652670,2010,9.10E+07
Myanmar,MMR,652670,2011,3.34E+08
Myanmar,MMR,652670,2012,5.50E+08
Myanmar,MMR,652670,2013,9.64E+08
Myanmar,MMR,652670,2014,1.69E+09
Myanmar,MMR,652670,2015,2.20E+09
Myanmar,MMR,652670,2016,2.29E+09
Myanmar,MMR,652670,2017,1.99E+09
Myanmar,MMR,652670,2018,1.67E+09
Myanmar,MMR,652670,2019,2.50E+09
Myanmar,MMR,652670,2020,2851266667
Middle East & North Africa (excluding high income),MNA,8634848,NA,NA
Montenegro,MNE,13450,2010,7.65E+08
Montenegro,MNE,13450,2011,9.26E+08
Montenegro,MNE,13450,2012,8.60E+08
Montenegro,MNE,13450,2013,9.29E+08
Montenegro,MNE,13450,2014,9.59E+08
Montenegro,MNE,13450,2015,9.47E+08
Montenegro,MNE,13450,2016,9.78E+08
Montenegro,MNE,13450,2017,1.11E+09
Montenegro,MNE,13450,2018,1.22E+09
Montenegro,MNE,13450,2019,1.28E+09
Montenegro,MNE,13450,2020,1.80E+08
Mongolia,MNG,1557507,2010,2.88E+08
Mongolia,MNG,1557507,2011,1.97E+08
Mongolia,MNG,1557507,2012,2.15E+08
Mongolia,MNG,1557507,2013,2.36E+08
Mongolia,MNG,1557507,2014,2.57E+08
Mongolia,MNG,1557507,2015,2.79E+08
Mongolia,MNG,1557507,2016,3.79E+08
Mongolia,MNG,1557507,2017,4.62E+08
Mongolia,MNG,1557507,2018,5.26E+08
Mongolia,MNG,1557507,2019,6.05E+08
Mongolia,MNG,1557507,2020,4.90E+07
Mozambique,MOZ,786380,2010,1.35E+08
Mozambique,MOZ,786380,2011,1.71E+08
Mozambique,MOZ,786380,2012,2.24E+08
Mozambique,MOZ,786380,2013,2.28E+08
Mozambique,MOZ,786380,2014,2.25E+08
Mozambique,MOZ,786380,2015,2.02E+08
Mozambique,MOZ,786380,2016,1.14E+08
Mozambique,MOZ,786380,2017,1.64E+08
Mozambique,MOZ,786380,2018,3.31E+08
Mozambique,MOZ,786380,2019,3.24E+08
Mozambique,MOZ,786380,2020,1.13E+08
Mauritania,MRT,1030700,2010,64685555.56
Mauritania,MRT,1030700,2011,58647222.23
Mauritania,MRT,1030700,2012,5.00E+07
Mauritania,MRT,1030700,2013,5.00E+07
Mauritania,MRT,1030700,2014,4.20E+07
Mauritania,MRT,1030700,2015,3.10E+07
Mauritania,MRT,1030700,2016,3.30E+07
Mauritania,MRT,1030700,2017,2.40E+07
Mauritania,MRT,1030700,2018,6.00E+06
Mauritania,MRT,1030700,2019,13699999.81
Mauritania,MRT,1030700,2020,6400000.095
Mauritius,MUS,1997,2010,1.59E+09
Mauritius,MUS,1997,2011,1.81E+09
Mauritius,MUS,1997,2012,1.78E+09
Mauritius,MUS,1997,2013,1.59E+09
Mauritius,MUS,1997,2014,1.72E+09
Mauritius,MUS,1997,2015,1.68E+09
Mauritius,MUS,1997,2016,1.82E+09
Mauritius,MUS,1997,2017,2.01E+09
Mauritius,MUS,1997,2018,2.16E+09
Mauritius,MUS,1997,2019,2.02E+09
Mauritius,MUS,1997,2020,5.18E+08
Malawi,MWI,94280,2010,4.50E+07
Malawi,MWI,94280,2011,3.60E+07
Malawi,MWI,94280,2012,3.50E+07
Malawi,MWI,94280,2013,3.30E+07
Malawi,MWI,94280,2014,3.60E+07
Malawi,MWI,94280,2015,3.90E+07
Malawi,MWI,94280,2016,3.00E+07
Malawi,MWI,94280,2017,3.50E+07
Malawi,MWI,94280,2018,5.50E+07
Malawi,MWI,94280,2019,6.20E+07
Malawi,MWI,94280,2020,3.50E+07
Malaysia,MYS,328550,2010,1.96E+10
Malaysia,MYS,328550,2011,2.13E+10
Malaysia,MYS,328550,2012,2.17E+10
Malaysia,MYS,328550,2013,2.33E+10
Malaysia,MYS,328550,2014,2.45E+10
Malaysia,MYS,328550,2015,1.92E+10
Malaysia,MYS,328550,2016,1.97E+10
Malaysia,MYS,328550,2017,2.03E+10
Malaysia,MYS,328550,2018,2.18E+10
Malaysia,MYS,328550,2019,2.22E+10
Malaysia,MYS,328550,2020,3.39E+09
North America,NAC,17936174,NA,NA
Namibia,NAM,823290,2010,4.71E+08
Namibia,NAM,823290,2011,5.16E+08
Namibia,NAM,823290,2012,4.16E+08
Namibia,NAM,823290,2013,3.57E+08
Namibia,NAM,823290,2014,5.52E+08
Namibia,NAM,823290,2015,5.40E+08
Namibia,NAM,823290,2016,2.95E+08
Namibia,NAM,823290,2017,4.49E+08
Namibia,NAM,823290,2018,4.88E+08
Namibia,NAM,823290,2019,4.51E+08
Namibia,NAM,823290,2020,1.55E+08
New Caledonia,NCL,18280,2010,2.26E+08
New Caledonia,NCL,18280,2011,2.85E+08
New Caledonia,NCL,18280,2012,2.88E+08
New Caledonia,NCL,18280,2013,2.87E+08
New Caledonia,NCL,18280,2014,2.87E+08
New Caledonia,NCL,18280,2015,2.46E+08
New Caledonia,NCL,18280,2016,2.48E+08
New Caledonia,NCL,18280,2017,264857142.9
New Caledonia,NCL,18280,2018,264392857.1
New Caledonia,NCL,18280,2019,263928571.4
New Caledonia,NCL,18280,2020,263464285.7
Niger,NER,1266700,2010,105500000
Niger,NER,1266700,2011,5.40E+07
Niger,NER,1266700,2012,5.10E+07
Niger,NER,1266700,2013,5.90E+07
Niger,NER,1266700,2014,1.00E+08
Niger,NER,1266700,2015,8.00E+07
Niger,NER,1266700,2016,8.40E+07
Niger,NER,1266700,2017,9.10E+07
Niger,NER,1266700,2018,1.14E+08
Niger,NER,1266700,2019,1.30E+08
Niger,NER,1266700,2020,116700000
Nigeria,NGA,910770,2010,7.36E+08
Nigeria,NGA,910770,2011,6.88E+08
Nigeria,NGA,910770,2012,6.38E+08
Nigeria,NGA,910770,2013,6.16E+08
Nigeria,NGA,910770,2014,6.05E+08
Nigeria,NGA,910770,2015,4.61E+08
Nigeria,NGA,910770,2016,1.09E+09
Nigeria,NGA,910770,2017,2.62E+09
Nigeria,NGA,910770,2018,1.98E+09
Nigeria,NGA,910770,2019,1.47E+09
Nigeria,NGA,910770,2020,3.21E+08
Netherlands,NLD,33670,2010,19484215538
Netherlands,NLD,33670,2011,19462155545
Netherlands,NLD,33670,2012,1.77E+10
Netherlands,NLD,33670,2013,1.94E+10
Netherlands,NLD,33670,2014,1.97E+10
Netherlands,NLD,33670,2015,1.76E+10
Netherlands,NLD,33670,2016,19421800781
Netherlands,NLD,33670,2017,21844699219
Netherlands,NLD,33670,2018,23919099609
Netherlands,NLD,33670,2019,23723900391
Netherlands,NLD,33670,2020,10926200195
Norway,NOR,364270,2010,5.30E+09
Norway,NOR,364270,2011,6.57E+09
Norway,NOR,364270,2012,6.78E+09
Norway,NOR,364270,2013,7.18E+09
Norway,NOR,364270,2014,7.50E+09
Norway,NOR,364270,2015,6.37E+09
Norway,NOR,364270,2016,6.29E+09
Norway,NOR,364270,2017,6.57E+09
Norway,NOR,364270,2018,7.28E+09
Norway,NOR,364270,2019,7.04E+09
Norway,NOR,364270,2020,2.20E+09
Nepal,NPL,143350,2010,3.78E+08
Nepal,NPL,143350,2011,4.15E+08
Nepal,NPL,143350,2012,3.79E+08
Nepal,NPL,143350,2013,4.60E+08
Nepal,NPL,143350,2014,5.11E+08
Nepal,NPL,143350,2015,5.09E+08
Nepal,NPL,143350,2016,4.98E+08
Nepal,NPL,143350,2017,7.12E+08
Nepal,NPL,143350,2018,7.40E+08
Nepal,NPL,143350,2019,8.01E+08
Nepal,NPL,143350,2020,2.38E+08
Nauru,NRU,20,2010,6.00E+05
Nauru,NRU,20,2011,1.00E+06
Nauru,NRU,20,2012,1.00E+06
Nauru,NRU,20,2013,1500000
Nauru,NRU,20,2014,6800000
Nauru,NRU,20,2015,1700000
Nauru,NRU,20,2016,3400000
Nauru,NRU,20,2017,3900000
Nauru,NRU,20,2018,1600000
Nauru,NRU,20,2019,3863888.889
Nauru,NRU,20,2020,4158888.889
New Zealand,NZL,263310,2010,6.52E+09
New Zealand,NZL,263310,2011,7.30E+09
New Zealand,NZL,263310,2012,7.14E+09
New Zealand,NZL,263310,2013,7.43E+09
New Zealand,NZL,263310,2014,8.58E+09
New Zealand,NZL,263310,2015,9.46E+09
New Zealand,NZL,263310,2016,9.77E+09
New Zealand,NZL,263310,2017,1.06E+10
New Zealand,NZL,263310,2018,1.10E+10
New Zealand,NZL,263310,2019,11552638889
New Zealand,NZL,263310,2020,12134988889
OECD members,OED,35331823.4,NA,NA
Oman,OMN,309500,2010,1.07E+09
Oman,OMN,309500,2011,1.52E+09
Oman,OMN,309500,2012,1.72E+09
Oman,OMN,309500,2013,1.89E+09
Oman,OMN,309500,2014,1.97E+09
Oman,OMN,309500,2015,2.25E+09
Oman,OMN,309500,2016,2.32E+09
Oman,OMN,309500,2017,2.63E+09
Oman,OMN,309500,2018,2.87E+09
Oman,OMN,309500,2019,3.08E+09
Oman,OMN,309500,2020,6.69E+08
Other small states,OSS,2031538,NA,NA
Pakistan,PAK,770880,2010,9.98E+08
Pakistan,PAK,770880,2011,1.13E+09
Pakistan,PAK,770880,2012,1.01E+09
Pakistan,PAK,770880,2013,9.38E+08
Pakistan,PAK,770880,2014,9.71E+08
Pakistan,PAK,770880,2015,9.15E+08
Pakistan,PAK,770880,2016,7.90E+08
Pakistan,PAK,770880,2017,8.65E+08
Pakistan,PAK,770880,2018,8.45E+08
Pakistan,PAK,770880,2019,9.92E+08
Pakistan,PAK,770880,2020,7.65E+08
Panama,PAN,74180,2010,2.62E+09
Panama,PAN,74180,2011,3.63E+09
Panama,PAN,74180,2012,4.59E+09
Panama,PAN,74180,2013,5.42E+09
Panama,PAN,74180,2014,5.75E+09
Panama,PAN,74180,2015,5.75E+09
Panama,PAN,74180,2016,6.28E+09
Panama,PAN,74180,2017,6.83E+09
Panama,PAN,74180,2018,7.14E+09
Panama,PAN,74180,2019,7.05E+09
Panama,PAN,74180,2020,1.84E+09
Peru,PER,1280000,2010,2.48E+09
Peru,PER,1280000,2011,2.81E+09
Peru,PER,1280000,2012,3.07E+09
Peru,PER,1280000,2013,3.92E+09
Peru,PER,1280000,2014,3.91E+09
Peru,PER,1280000,2015,4.14E+09
Peru,PER,1280000,2016,4.29E+09
Peru,PER,1280000,2017,4.44E+09
Peru,PER,1280000,2018,4.51E+09
Peru,PER,1280000,2019,4.70E+09
Peru,PER,1280000,2020,1.00E+09
Philippines,PHL,298170,2010,3.44E+09
Philippines,PHL,298170,2011,4.05E+09
Philippines,PHL,298170,2012,4.96E+09
Philippines,PHL,298170,2013,5.60E+09
Philippines,PHL,298170,2014,6.06E+09
Philippines,PHL,298170,2015,6.41E+09
Philippines,PHL,298170,2016,6.29E+09
Philippines,PHL,298170,2017,8.35E+09
Philippines,PHL,298170,2018,9.72E+09
Philippines,PHL,298170,2019,1.15E+10
Philippines,PHL,298170,2020,2.77E+09
Palau,PLW,460,2010,7.60E+07
Palau,PLW,460,2011,9.40E+07
Palau,PLW,460,2012,1.09E+08
Palau,PLW,460,2013,1.17E+08
Palau,PLW,460,2014,1.31E+08
Palau,PLW,460,2015,1.56E+08
Palau,PLW,460,2016,1.48E+08
Palau,PLW,460,2017,1.23E+08
Palau,PLW,460,2018,159642857.1
Palau,PLW,460,2019,168619047.6
Palau,PLW,460,2020,177595238.1
Papua New Guinea,PNG,452860,2010,2400000.095
Papua New Guinea,PNG,452860,2011,5099999.905
Papua New Guinea,PNG,452860,2012,3751640.639
Papua New Guinea,PNG,452860,2013,3700000.048
Papua New Guinea,PNG,452860,2014,2799999.952
Papua New Guinea,PNG,452860,2015,5517343.799
Papua New Guinea,PNG,452860,2016,1600000.024
Papua New Guinea,PNG,452860,2017,15260000.23
Papua New Guinea,PNG,452860,2018,4230000.019
Papua New Guinea,PNG,452860,2019,7871614.678
Papua New Guinea,PNG,452860,2020,8460182.398
Poland,POL,306100,2010,9.88E+09
Poland,POL,306100,2011,1.15E+10
Poland,POL,306100,2012,1.17E+10
Poland,POL,306100,2013,1.22E+10
Poland,POL,306100,2014,1.27E+10
Poland,POL,306100,2015,1.12E+10
Poland,POL,306100,2016,1.19E+10
Poland,POL,306100,2017,1.39E+10
Poland,POL,306100,2018,1.56E+10
Poland,POL,306100,2019,1.57E+10
Poland,POL,306100,2020,8.38E+09
Pre-demographic dividend,PRE,20308679.83,NA,NA
Puerto Rico,PRI,8870,2010,3.21E+09
Puerto Rico,PRI,8870,2011,3.14E+09
Puerto Rico,PRI,8870,2012,3.19E+09
Puerto Rico,PRI,8870,2013,3.31E+09
Puerto Rico,PRI,8870,2014,3.44E+09
Puerto Rico,PRI,8870,2015,3.83E+09
Puerto Rico,PRI,8870,2016,3.97E+09
Puerto Rico,PRI,8870,2017,3.87E+09
Puerto Rico,PRI,8870,2018,3.30E+09
Puerto Rico,PRI,8870,2019,3.61E+09
Puerto Rico,PRI,8870,2020,2.92E+09
"Korea, Dem. People's Rep.",PRK,120410,NA,NA
Portugal,PRT,91605.6,2010,1.30E+10
Portugal,PRT,91605.6,2011,1.49E+10
Portugal,PRT,91605.6,2012,1.46E+10
Portugal,PRT,91605.6,2013,1.61E+10
Portugal,PRT,91605.6,2014,1.76E+10
Portugal,PRT,91605.6,2015,1.60E+10
Portugal,PRT,91605.6,2016,1.73E+10
Portugal,PRT,91605.6,2017,2.16E+10
Portugal,PRT,91605.6,2018,2.44E+10
Portugal,PRT,91605.6,2019,2.46E+10
Portugal,PRT,91605.6,2020,1.05E+10
Paraguay,PRY,397300,2010,2.43E+08
Paraguay,PRY,397300,2011,2.61E+08
Paraguay,PRY,397300,2012,2.91E+08
Paraguay,PRY,397300,2013,2.99E+08
Paraguay,PRY,397300,2014,3.14E+08
Paraguay,PRY,397300,2015,3.48E+08
Paraguay,PRY,397300,2016,3.56E+08
Paraguay,PRY,397300,2017,3.99E+08
Paraguay,PRY,397300,2018,3.93E+08
Paraguay,PRY,397300,2019,4.09E+08
Paraguay,PRY,397300,2020,1.04E+08
West Bank and Gaza,PSE,6025,2010,4.09E+08
West Bank and Gaza,PSE,6025,2011,6.15E+08
West Bank and Gaza,PSE,6025,2012,4.69E+08
West Bank and Gaza,PSE,6025,2013,5.24E+08
West Bank and Gaza,PSE,6025,2014,4.12E+08
West Bank and Gaza,PSE,6025,2015,3.12E+08
West Bank and Gaza,PSE,6025,2016,2.35E+08
West Bank and Gaza,PSE,6025,2017,2.25E+08
West Bank and Gaza,PSE,6025,2018,2.45E+08
West Bank and Gaza,PSE,6025,2019,174055555.6
West Bank and Gaza,PSE,6025,2020,132288888.9
Pacific island small states,PSS,64150,NA,NA
Post-demographic dividend,PST,31168492.4,NA,NA
French Polynesia,PYF,3471,2010,6.30E+08
French Polynesia,PYF,3471,2011,7.25E+08
French Polynesia,PYF,3471,2012,7.20E+08
French Polynesia,PYF,3471,2013,7.46E+08
French Polynesia,PYF,3471,2014,8.35E+08
French Polynesia,PYF,3471,2015,7.58E+08
French Polynesia,PYF,3471,2016,7.82E+08
French Polynesia,PYF,3471,2017,833285714.3
French Polynesia,PYF,3471,2018,856035714.3
French Polynesia,PYF,3471,2019,878785714.3
French Polynesia,PYF,3471,2020,901535714.3
Qatar,QAT,11490,2010,5052133333
Qatar,QAT,11490,2011,4.46E+09
Qatar,QAT,11490,2012,7.22E+09
Qatar,QAT,11490,2013,8.45E+09
Qatar,QAT,11490,2014,1.06E+10
Qatar,QAT,11490,2015,1.21E+10
Qatar,QAT,11490,2016,1.26E+10
Qatar,QAT,11490,2017,1.58E+10
Qatar,QAT,11490,2018,1.52E+10
Qatar,QAT,11490,2019,1.56E+10
Qatar,QAT,11490,2020,1.43E+10
Romania,ROU,230080,2010,1.63E+09
Romania,ROU,230080,2011,2.02E+09
Romania,ROU,230080,2012,1.90E+09
Romania,ROU,230080,2013,2.31E+09
Romania,ROU,230080,2014,2.39E+09
Romania,ROU,230080,2015,2.23E+09
Romania,ROU,230080,2016,2.47E+09
Romania,ROU,230080,2017,3.55E+09
Romania,ROU,230080,2018,3.88E+09
Romania,ROU,230080,2019,4.24E+09
Romania,ROU,230080,2020,1.61E+09
Russian Federation,RUS,16376870,2010,1.32E+10
Russian Federation,RUS,16376870,2011,1.70E+10
Russian Federation,RUS,16376870,2012,1.79E+10
Russian Federation,RUS,16376870,2013,2.02E+10
Russian Federation,RUS,16376870,2014,1.95E+10
Russian Federation,RUS,16376870,2015,1.32E+10
Russian Federation,RUS,16376870,2016,1.28E+10
Russian Federation,RUS,16376870,2017,1.49E+10
Russian Federation,RUS,16376870,2018,1.87E+10
Russian Federation,RUS,16376870,2019,1.72E+10
Russian Federation,RUS,16376870,2020,4.96E+09
Rwanda,RWA,24670,2010,2.24E+08
Rwanda,RWA,24670,2011,2.98E+08
Rwanda,RWA,24670,2012,3.37E+08
Rwanda,RWA,24670,2013,3.64E+08
Rwanda,RWA,24670,2014,3.76E+08
Rwanda,RWA,24670,2015,4.27E+08
Rwanda,RWA,24670,2016,4.43E+08
Rwanda,RWA,24670,2017,496500000
Rwanda,RWA,24670,2018,5.47E+08
Rwanda,RWA,24670,2019,635900024.4
Rwanda,RWA,24670,2020,2.12E+08
South Asia,SAS,4770120,NA,NA
Saudi Arabia,SAU,2149690,2010,7.54E+09
Saudi Arabia,SAU,2149690,2011,9.32E+09
Saudi Arabia,SAU,2149690,2012,8.40E+09
Saudi Arabia,SAU,2149690,2013,8.69E+09
Saudi Arabia,SAU,2149690,2014,9.26E+09
Saudi Arabia,SAU,2149690,2015,1.12E+10
Saudi Arabia,SAU,2149690,2016,1.34E+10
Saudi Arabia,SAU,2149690,2017,1.50E+10
Saudi Arabia,SAU,2149690,2018,1.70E+10
Saudi Arabia,SAU,2149690,2019,1.98E+10
Saudi Arabia,SAU,2149690,2020,5.96E+09
Sudan,SDN,1868000,2010,8.20E+07
Sudan,SDN,1868000,2011,1.79E+08
Sudan,SDN,1868000,2012,7.72E+08
Sudan,SDN,1868000,2013,7.73E+08
Sudan,SDN,1868000,2014,9.67E+08
Sudan,SDN,1868000,2015,9.49E+08
Sudan,SDN,1868000,2016,1.01E+09
Sudan,SDN,1868000,2017,1.03E+09
Sudan,SDN,1868000,2018,1.04E+09
Sudan,SDN,1868000,2019,1342888889
Sudan,SDN,1868000,2020,1460288889
Senegal,SEN,192530,2010,4.64E+08
Senegal,SEN,192530,2011,5.25E+08
Senegal,SEN,192530,2012,4.69E+08
Senegal,SEN,192530,2013,4.95E+08
Senegal,SEN,192530,2014,4.82E+08
Senegal,SEN,192530,2015,4.17E+08
Senegal,SEN,192530,2016,4.39E+08
Senegal,SEN,192530,2017,4.70E+08
Senegal,SEN,192530,2018,5.57E+08
Senegal,SEN,192530,2019,485527777.8
Senegal,SEN,192530,2020,486677777.8
Singapore,SGP,718,2010,1.42E+10
Singapore,SGP,718,2011,1.79E+10
Singapore,SGP,718,2012,1.88E+10
Singapore,SGP,718,2013,1.92E+10
Singapore,SGP,718,2014,1.92E+10
Singapore,SGP,718,2015,1.66E+10
Singapore,SGP,718,2016,1.89E+10
Singapore,SGP,718,2017,1.99E+10
Singapore,SGP,718,2018,2.04E+10
Singapore,SGP,718,2019,20728166667
Singapore,SGP,718,2020,21203533333
Solomon Islands,SLB,27990,2010,50799999.24
Solomon Islands,SLB,27990,2011,65900001.53
Solomon Islands,SLB,27990,2012,65400001.53
Solomon Islands,SLB,27990,2013,70500000
Solomon Islands,SLB,27990,2014,64800003.05
Solomon Islands,SLB,27990,2015,6.00E+07
Solomon Islands,SLB,27990,2016,7.10E+07
Solomon Islands,SLB,27990,2017,7.90E+07
Solomon Islands,SLB,27990,2018,9.20E+07
Solomon Islands,SLB,27990,2019,8.20E+07
Solomon Islands,SLB,27990,2020,7.00E+06
Sierra Leone,SLE,72180,2010,2.60E+07
Sierra Leone,SLE,72180,2011,4.40E+07
Sierra Leone,SLE,72180,2012,4.70E+07
Sierra Leone,SLE,72180,2013,6.60E+07
Sierra Leone,SLE,72180,2014,3.50E+07
Sierra Leone,SLE,72180,2015,3.70E+07
Sierra Leone,SLE,72180,2016,4.10E+07
Sierra Leone,SLE,72180,2017,3.90E+07
Sierra Leone,SLE,72180,2018,3.90E+07
Sierra Leone,SLE,72180,2019,41222222.22
Sierra Leone,SLE,72180,2020,41155555.56
El Salvador,SLV,20720,2010,6.46E+08
El Salvador,SLV,20720,2011,7.29E+08
El Salvador,SLV,20720,2012,9.00E+08
El Salvador,SLV,20720,2013,1.05E+09
El Salvador,SLV,20720,2014,1.29E+09
El Salvador,SLV,20720,2015,1.20E+09
El Salvador,SLV,20720,2016,1.16E+09
El Salvador,SLV,20720,2017,1.23E+09
El Salvador,SLV,20720,2018,1.37E+09
El Salvador,SLV,20720,2019,1.66E+09
El Salvador,SLV,20720,2020,7.55E+08
San Marino,SMR,60,NA,NA
Somalia,SOM,627340,NA,NA
Serbia,SRB,84090,2010,9.50E+08
Serbia,SRB,84090,2011,1.15E+09
Serbia,SRB,84090,2012,1.08E+09
Serbia,SRB,84090,2013,1.22E+09
Serbia,SRB,84090,2014,1.35E+09
Serbia,SRB,84090,2015,1.32E+09
Serbia,SRB,84090,2016,1.46E+09
Serbia,SRB,84090,2017,1.71E+09
Serbia,SRB,84090,2018,1.94E+09
Serbia,SRB,84090,2019,2.00E+09
Serbia,SRB,84090,2020,1.42E+09
Sub-Saharan Africa (excluding high income),SSA,23890403.09,NA,NA
South Sudan,SSD,631930,2010,0
South Sudan,SSD,631930,2011,0
South Sudan,SSD,631930,2012,0
South Sudan,SSD,631930,2013,0
South Sudan,SSD,631930,2014,0
South Sudan,SSD,631930,2015,2.20E+07
South Sudan,SSD,631930,2016,23500000
South Sudan,SSD,631930,2017,2.60E+07
South Sudan,SSD,631930,2018,1.20E+07
South Sudan,SSD,631930,2019,0
South Sudan,SSD,631930,2020,0
Sub-Saharan Africa,SSF,23890863.09,NA,NA
Small states,SST,2500538,NA,NA
Sao Tome and Principe,STP,960,2010,11100000
Sao Tome and Principe,STP,960,2011,15900000
Sao Tome and Principe,STP,960,2012,1.50E+07
Sao Tome and Principe,STP,960,2013,30900000
Sao Tome and Principe,STP,960,2014,56100000
Sao Tome and Principe,STP,960,2015,62500000
Sao Tome and Principe,STP,960,2016,69100000
Sao Tome and Principe,STP,960,2017,65900000
Sao Tome and Principe,STP,960,2018,71900000
Sao Tome and Principe,STP,960,2019,88683333.33
Sao Tome and Principe,STP,960,2020,97566666.67
Suriname,SUR,156000,2010,6.90E+07
Suriname,SUR,156000,2011,6.90E+07
Suriname,SUR,156000,2012,7.90E+07
Suriname,SUR,156000,2013,9.20E+07
Suriname,SUR,156000,2014,1.03E+08
Suriname,SUR,156000,2015,9.90E+07
Suriname,SUR,156000,2016,7.40E+07
Suriname,SUR,156000,2017,6.10E+07
Suriname,SUR,156000,2018,7.30E+07
Suriname,SUR,156000,2019,6.40E+07
Suriname,SUR,156000,2020,1.90E+07
Slovak Republic,SVK,48080,2010,2.33E+09
Slovak Republic,SVK,48080,2011,2.52E+09
Slovak Republic,SVK,48080,2012,2.37E+09
Slovak Republic,SVK,48080,2013,2.70E+09
Slovak Republic,SVK,48080,2014,2.64E+09
Slovak Republic,SVK,48080,2015,2.48E+09
Slovak Republic,SVK,48080,2016,2.81E+09
Slovak Republic,SVK,48080,2017,3.02E+09
Slovak Republic,SVK,48080,2018,3.32E+09
Slovak Republic,SVK,48080,2019,3.35E+09
Slovak Republic,SVK,48080,2020,1.30E+09
Slovenia,SVN,20136.4,2010,2.81E+09
Slovenia,SVN,20136.4,2011,3.05E+09
Slovenia,SVN,20136.4,2012,2.79E+09
Slovenia,SVN,20136.4,2013,2.97E+09
Slovenia,SVN,20136.4,2014,3.05E+09
Slovenia,SVN,20136.4,2015,2.59E+09
Slovenia,SVN,20136.4,2016,2717899902
Slovenia,SVN,20136.4,2017,3055100098
Slovenia,SVN,20136.4,2018,3377500000
Slovenia,SVN,20136.4,2019,3353100098
Slovenia,SVN,20136.4,2020,1.42E+09
Sweden,SWE,407283.54,2010,1.07E+10
Sweden,SWE,407283.54,2011,0
Sweden,SWE,407283.54,2012,0
Sweden,SWE,407283.54,2013,0
Sweden,SWE,407283.54,2014,0
Sweden,SWE,407283.54,2015,0
Sweden,SWE,407283.54,2016,0
Sweden,SWE,407283.54,2017,0
Sweden,SWE,407283.54,2018,0
Sweden,SWE,407283.54,2019,0
Sweden,SWE,407283.54,2020,0
Eswatini,SWZ,17200,2010,51400001.53
Eswatini,SWZ,17200,2011,10100000.38
Eswatini,SWZ,17200,2012,29100000.38
Eswatini,SWZ,17200,2013,4199999.809
Eswatini,SWZ,17200,2014,15600000.38
Eswatini,SWZ,17200,2015,14199999.81
Eswatini,SWZ,17200,2016,13199999.81
Eswatini,SWZ,17200,2017,13199999.81
Eswatini,SWZ,17200,2018,16399999.62
Eswatini,SWZ,17200,2019,14300000.19
Eswatini,SWZ,17200,2020,7300000.191
Sint Maarten (Dutch part),SXM,34,2010,6.81E+08
Sint Maarten (Dutch part),SXM,34,2011,7.29E+08
Sint Maarten (Dutch part),SXM,34,2012,8.54E+08
Sint Maarten (Dutch part),SXM,34,2013,8.71E+08
Sint Maarten (Dutch part),SXM,34,2014,9.22E+08
Sint Maarten (Dutch part),SXM,34,2015,9.13E+08
Sint Maarten (Dutch part),SXM,34,2016,8.71E+08
Sint Maarten (Dutch part),SXM,34,2017,6.46E+08
Sint Maarten (Dutch part),SXM,34,2018,4.68E+08
Sint Maarten (Dutch part),SXM,34,2019,7.08E+08
Sint Maarten (Dutch part),SXM,34,2020,2.43E+08
Seychelles,SYC,460,2010,3.52E+08
Seychelles,SYC,460,2011,3.80E+08
Seychelles,SYC,460,2012,4.29E+08
Seychelles,SYC,460,2013,4.84E+08
Seychelles,SYC,460,2014,4.81E+08
Seychelles,SYC,460,2015,4.83E+08
Seychelles,SYC,460,2016,5.05E+08
Seychelles,SYC,460,2017,5.85E+08
Seychelles,SYC,460,2018,6.11E+08
Seychelles,SYC,460,2019,6.18E+08
Seychelles,SYC,460,2020,2.28E+08
Syrian Arab Republic,SYR,183630,2010,6.31E+09
Syrian Arab Republic,SYR,183630,2011,1.82E+09
Togo,TGO,54390,2010,1.05E+08
Togo,TGO,54390,2011,2.09E+08
Togo,TGO,54390,2012,2.06E+08
Togo,TGO,54390,2013,2.33E+08
Togo,TGO,54390,2014,2.33E+08
Togo,TGO,54390,2015,2.12E+08
Togo,TGO,54390,2016,2.23E+08
Togo,TGO,54390,2017,2.45E+08
Togo,TGO,54390,2018,2.69E+08
Togo,TGO,54390,2019,2.64E+08
Togo,TGO,54390,2020,286400000
Thailand,THA,510890,2010,2.38E+10
Thailand,THA,510890,2011,3.09E+10
Thailand,THA,510890,2012,3.46E+10
Thailand,THA,510890,2013,4.18E+10
Thailand,THA,510890,2014,3.85E+10
Thailand,THA,510890,2015,4.49E+10
Thailand,THA,510890,2016,4.85E+10
Thailand,THA,510890,2017,5.71E+10
Thailand,THA,510890,2018,6.14E+10
Thailand,THA,510890,2019,6.44E+10
Thailand,THA,510890,2020,1.54E+10
Tajikistan,TJK,138790,2010,141500000
Tajikistan,TJK,138790,2011,184100006.1
Tajikistan,TJK,138790,2012,286600006.1
Tajikistan,TJK,138790,2013,233300003.1
Tajikistan,TJK,138790,2014,220199996.9
Tajikistan,TJK,138790,2015,1.46E+08
Tajikistan,TJK,138790,2016,149600006.1
Tajikistan,TJK,138790,2017,171600006.1
Tajikistan,TJK,138790,2018,170899993.9
Tajikistan,TJK,138790,2019,179100006.1
Tajikistan,TJK,138790,2020,102400001.5
Latin America & the Caribbean (IDA & IBRD countries),TLA,19912693,NA,NA
Timor-Leste,TLS,14870,2010,2.40E+07
Timor-Leste,TLS,14870,2011,1.80E+07
Timor-Leste,TLS,14870,2012,2.10E+07
Timor-Leste,TLS,14870,2013,2.90E+07
Timor-Leste,TLS,14870,2014,3.50E+07
Timor-Leste,TLS,14870,2015,5.10E+07
Timor-Leste,TLS,14870,2016,5.80E+07
Timor-Leste,TLS,14870,2017,7.30E+07
Timor-Leste,TLS,14870,2018,7.80E+07
Timor-Leste,TLS,14870,2019,82750000
Timor-Leste,TLS,14870,2020,90700000
Middle East & North Africa (IDA & IBRD countries),TMN,8628823,NA,NA
Tonga,TON,720,2010,17299999.24
Tonga,TON,720,2011,32500000
Tonga,TON,720,2012,4.00E+07
Tonga,TON,720,2013,4.70E+07
Tonga,TON,720,2014,38299999.24
Tonga,TON,720,2015,46400001.53
Tonga,TON,720,2016,52700000.76
Tonga,TON,720,2017,48500000
Tonga,TON,720,2018,48099998.47
Tonga,TON,720,2019,57099998.47
Tonga,TON,720,2020,47700000.76
South Asia (IDA & IBRD),TSA,4770120,NA,NA
Sub-Saharan Africa (IDA & IBRD countries),TSS,23890863.09,NA,NA
Trinidad and Tobago,TTO,5130,2010,6.30E+08
Trinidad and Tobago,TTO,5130,2011,6.50E+08
Trinidad and Tobago,TTO,5130,2012,8.52E+08
Trinidad and Tobago,TTO,5130,2013,8.56E+08
Trinidad and Tobago,TTO,5130,2014,8.75E+08
Trinidad and Tobago,TTO,5130,2015,8.09E+08
Trinidad and Tobago,TTO,5130,2016,7.08E+08
Trinidad and Tobago,TTO,5130,2017,7.17E+08
Trinidad and Tobago,TTO,5130,2018,5.41E+08
Trinidad and Tobago,TTO,5130,2019,4.81E+08
Trinidad and Tobago,TTO,5130,2020,1.51E+08
Tunisia,TUN,155360,2010,3.48E+09
Tunisia,TUN,155360,2011,2.53E+09
Tunisia,TUN,155360,2012,2.93E+09
Tunisia,TUN,155360,2013,2.86E+09
Tunisia,TUN,155360,2014,3.04E+09
Tunisia,TUN,155360,2015,1.87E+09
Tunisia,TUN,155360,2016,1.71E+09
Tunisia,TUN,155360,2017,1.78E+09
Tunisia,TUN,155360,2018,2.32E+09
Tunisia,TUN,155360,2019,2.68E+09
Tunisia,TUN,155360,2020,1.01E+09
Turkiye,TUR,769630,2010,2.63E+10
Turkiye,TUR,769630,2011,3.03E+10
Turkiye,TUR,769630,2012,3.16E+10
Turkiye,TUR,769630,2013,3.80E+10
Turkiye,TUR,769630,2014,4.00E+10
Turkiye,TUR,769630,2015,3.56E+10
Turkiye,TUR,769630,2016,2.65E+10
Turkiye,TUR,769630,2017,3.20E+10
Turkiye,TUR,769630,2018,3.68E+10
Turkiye,TUR,769630,2019,4.14E+10
Turkiye,TUR,769630,2020,1.38E+10
Tuvalu,TUV,30,2010,2400000
Tuvalu,TUV,30,2011,2400000
Tuvalu,TUV,30,2012,2700000
Tuvalu,TUV,30,2013,2400000
Tanzania,TZA,885800,2010,1.28E+09
Tanzania,TZA,885800,2011,1.38E+09
Tanzania,TZA,885800,2012,1.75E+09
Tanzania,TZA,885800,2013,1.94E+09
Tanzania,TZA,885800,2014,2.05E+09
Tanzania,TZA,885800,2015,1.92E+09
Tanzania,TZA,885800,2016,2.15E+09
Tanzania,TZA,885800,2017,2.27E+09
Tanzania,TZA,885800,2018,2.47E+09
Tanzania,TZA,885800,2019,2624500000
Tanzania,TZA,885800,2020,2741133333
Uganda,UGA,200520,2010,8.02E+08
Uganda,UGA,200520,2011,9.77E+08
Uganda,UGA,200520,2012,1.16E+09
Uganda,UGA,200520,2013,9.60E+08
Uganda,UGA,200520,2014,9.84E+08
Uganda,UGA,200520,2015,1.05E+09
Uganda,UGA,200520,2016,1.12E+09
Uganda,UGA,200520,2017,9.54E+08
Uganda,UGA,200520,2018,1.52E+09
Uganda,UGA,200520,2019,1.40E+09
Uganda,UGA,200520,2020,5.18E+08
Ukraine,UKR,579400,2010,4.70E+09
Ukraine,UKR,579400,2011,5.41E+09
Ukraine,UKR,579400,2012,5.99E+09
Ukraine,UKR,579400,2013,5.93E+09
Ukraine,UKR,579400,2014,2.26E+09
Ukraine,UKR,579400,2015,1.66E+09
Ukraine,UKR,579400,2016,1.72E+09
Ukraine,UKR,579400,2017,2.02E+09
Ukraine,UKR,579400,2018,2.27E+09
Ukraine,UKR,579400,2019,2.60E+09
Ukraine,UKR,579400,2020,6.87E+08
Upper middle income,UMC,54869206.47,NA,NA
Uruguay,URY,175020,2010,1.67E+09
Uruguay,URY,175020,2011,2.40E+09
Uruguay,URY,175020,2012,2.67E+09
Uruguay,URY,175020,2013,2.48E+09
Uruguay,URY,175020,2014,2.34E+09
Uruguay,URY,175020,2015,2.35E+09
Uruguay,URY,175020,2016,2.40E+09
Uruguay,URY,175020,2017,2.92E+09
Uruguay,URY,175020,2018,2.71E+09
Uruguay,URY,175020,2019,2.34E+09
Uruguay,URY,175020,2020,1.09E+09
United States,USA,9147420,2010,1.62E+11
United States,USA,9147420,2011,1.79E+11
United States,USA,9147420,2012,1.95E+11
United States,USA,9147420,2013,2.13E+11
United States,USA,9147420,2014,2.23E+11
United States,USA,9147420,2015,2.31E+11
United States,USA,9147420,2016,2.29E+11
United States,USA,9147420,2017,2.34E+11
United States,USA,9147420,2018,2.42E+11
United States,USA,9147420,2019,2.39E+11
United States,USA,9147420,2020,8.42E+10
Uzbekistan,UZB,440653,2010,398071428.6
Uzbekistan,UZB,440653,2011,466714285.7
Uzbekistan,UZB,440653,2012,535357142.9
Uzbekistan,UZB,440653,2013,6.04E+08
Uzbekistan,UZB,440653,2014,6.60E+08
Uzbekistan,UZB,440653,2015,6.88E+08
Uzbekistan,UZB,440653,2016,5.79E+08
Uzbekistan,UZB,440653,2017,8.35E+08
Uzbekistan,UZB,440653,2018,1.31E+09
Uzbekistan,UZB,440653,2019,1.68E+09
Uzbekistan,UZB,440653,2020,3.95E+08
St. Vincent and the Grenadines,VCT,390,2010,245364290
St. Vincent and the Grenadines,VCT,390,2011,238828575.1
St. Vincent and the Grenadines,VCT,390,2012,232292860.3
St. Vincent and the Grenadines,VCT,390,2013,225757145.5
St. Vincent and the Grenadines,VCT,390,2014,178500000
St. Vincent and the Grenadines,VCT,390,2015,211100006.1
St. Vincent and the Grenadines,VCT,390,2016,221300003.1
St. Vincent and the Grenadines,VCT,390,2017,215399993.9
St. Vincent and the Grenadines,VCT,390,2018,2.31E+08
St. Vincent and the Grenadines,VCT,390,2019,2.55E+08
St. Vincent and the Grenadines,VCT,390,2020,8.50E+07
"Venezuela, RB",VEN,882050,2010,8.85E+08
"Venezuela, RB",VEN,882050,2011,8.06E+08
"Venezuela, RB",VEN,882050,2012,9.04E+08
"Venezuela, RB",VEN,882050,2013,9.26E+08
"Venezuela, RB",VEN,882050,2014,9.00E+08
"Venezuela, RB",VEN,882050,2015,6.54E+08
"Venezuela, RB",VEN,882050,2016,5.46E+08
"Venezuela, RB",VEN,882050,2017,613714285.7
"Venezuela, RB",VEN,882050,2018,566392857.1
"Venezuela, RB",VEN,882050,2019,519071428.6
"Venezuela, RB",VEN,882050,2020,471750000
British Virgin Islands,VGB,150,2010,3.89E+08
British Virgin Islands,VGB,150,2011,3.88E+08
British Virgin Islands,VGB,150,2012,3.98E+08
British Virgin Islands,VGB,150,2013,4.21E+08
British Virgin Islands,VGB,150,2014,4.59E+08
British Virgin Islands,VGB,150,2015,4.84E+08
British Virgin Islands,VGB,150,2016,494266666.7
British Virgin Islands,VGB,150,2017,514580952.4
British Virgin Islands,VGB,150,2018,534895238.1
British Virgin Islands,VGB,150,2019,555209523.8
British Virgin Islands,VGB,150,2020,575523809.5
Virgin Islands (U.S.),VIR,350,2010,1.22E+09
Virgin Islands (U.S.),VIR,350,2011,1.12E+09
Virgin Islands (U.S.),VIR,350,2012,1.21E+09
Virgin Islands (U.S.),VIR,350,2013,1.17E+09
Virgin Islands (U.S.),VIR,350,2014,1.32E+09
Virgin Islands (U.S.),VIR,350,2015,1.32E+09
Virgin Islands (U.S.),VIR,350,2016,1.34E+09
Virgin Islands (U.S.),VIR,350,2017,1.20E+09
Virgin Islands (U.S.),VIR,350,2018,9.93E+08
Virgin Islands (U.S.),VIR,350,2019,1.03E+09
Virgin Islands (U.S.),VIR,350,2020,6.86E+08
Viet Nam,VNM,313429,2010,4.45E+09
Viet Nam,VNM,313429,2011,5.71E+09
Viet Nam,VNM,313429,2012,6.85E+09
Viet Nam,VNM,313429,2013,7.25E+09
Viet Nam,VNM,313429,2014,7.41E+09
Viet Nam,VNM,313429,2015,7.35E+09
Viet Nam,VNM,313429,2016,8.50E+09
Viet Nam,VNM,313429,2017,8.89E+09
Viet Nam,VNM,313429,2018,1.01E+10
Viet Nam,VNM,313429,2019,1.18E+10
Viet Nam,VNM,313429,2020,3.23E+09
Vanuatu,VUT,12190,2010,2.42E+08
Vanuatu,VUT,12190,2011,2.49E+08
Vanuatu,VUT,12190,2012,2.68E+08
Vanuatu,VUT,12190,2013,3.14E+08
Vanuatu,VUT,12190,2014,2.84E+08
Vanuatu,VUT,12190,2015,2.54E+08
Vanuatu,VUT,12190,2016,2.75E+08
Vanuatu,VUT,12190,2017,2.89E+08
Vanuatu,VUT,12190,2018,3.25E+08
Vanuatu,VUT,12190,2019,2.95E+08
Vanuatu,VUT,12190,2020,6.70E+07
World,WLD,129777684.1,NA,NA
Samoa,WSM,2780,2010,123699996.9
Samoa,WSM,2780,2011,134899993.9
Samoa,WSM,2780,2012,148199996.9
Samoa,WSM,2780,2013,137199996.9
Samoa,WSM,2780,2014,147699996.9
Samoa,WSM,2780,2015,142399993.9
Samoa,WSM,2780,2016,148699996.9
Samoa,WSM,2780,2017,1.67E+08
Samoa,WSM,2780,2018,192300003.1
Samoa,WSM,2780,2019,206100006.1
Samoa,WSM,2780,2020,23059999.47
Kosovo,XKX,NA,NA,NA
"Yemen, Rep.",YEM,527970,2010,1.29E+09
"Yemen, Rep.",YEM,527970,2011,9.10E+08
"Yemen, Rep.",YEM,527970,2012,1.01E+09
"Yemen, Rep.",YEM,527970,2013,1.10E+09
"Yemen, Rep.",YEM,527970,2014,1.20E+09
"Yemen, Rep.",YEM,527970,2015,1.16E+08
"Yemen, Rep.",YEM,527970,2016,1.16E+08
"Yemen, Rep.",YEM,527970,2017,116428571.4
"Yemen, Rep.",YEM,527970,2018,-59250000
"Yemen, Rep.",YEM,527970,2019,-234928571.4
"Yemen, Rep.",YEM,527970,2020,-410607142.9
South Africa,ZAF,1213090,2010,1.03E+10
South Africa,ZAF,1213090,2011,1.07E+10
South Africa,ZAF,1213090,2012,1.12E+10
South Africa,ZAF,1213090,2013,1.05E+10
South Africa,ZAF,1213090,2014,1.05E+10
South Africa,ZAF,1213090,2015,9.14E+09
South Africa,ZAF,1213090,2016,8.81E+09
South Africa,ZAF,1213090,2017,9.71E+09
South Africa,ZAF,1213090,2018,9.79E+09
South Africa,ZAF,1213090,2019,9.06E+09
South Africa,ZAF,1213090,2020,2.72E+09
Zambia,ZMB,743390,NA,NA
Zimbabwe,ZWE,386850,2010,1.35E+08
Zimbabwe,ZWE,386850,2011,1.64E+08
Zimbabwe,ZWE,386850,2012,1.74E+08
Zimbabwe,ZWE,386850,2013,1.83E+08
Zimbabwe,ZWE,386850,2014,1.86E+08
Zimbabwe,ZWE,386850,2015,1.91E+08
Zimbabwe,ZWE,386850,2016,1.94E+08
Zimbabwe,ZWE,386850,2017,1.58E+08
Zimbabwe,ZWE,386850,2018,1.91E+08
Zimbabwe,ZWE,386850,2019,2.85E+08
Zimbabwe,ZWE,386850,2020,6.60E+07